word,train_test,freq,phon_read,phonemes_right,phonemes_wrong,phonemes_proportion,phonemes_sum,phonemes_average,phoneme_dists,stress,wordwise_dist
corps,test,9469,K-AO1-R-P,3,0,1.0,1.7304000203571546,0.43260000508928864,1.1764575183635112e-05-0.0016041424708524452-5.3589162540749846e-05-1.7287305241485778,1.0,1.7287312692857402
bet,test,29911,B-EH1-T,3,0,1.0,0.021091933411350846,0.0052729833528377115,0.0011143357942672155-0.00012753580726166262-0.014409962077504064-0.005440099732317904,1.0,0.015443435557452544
lewd,test,1747,L-EH1-D,2,1,0.6666666666666666,2.559718697810064,0.639929674452516,1.0638622543007458e-05-2.4470454229968084-0.06394885854008431-0.04871377765062849,1.0,2.4483655345892257
lithe,test,203,L-AY1-TH,2,1,0.6666666666666666,0.8869949617142314,0.22174874042855786,0.001860957279422942-2.9404795371160364e-05-0.8849794972586086-0.00012510238082873273,1.0,0.8849814632213169
calf,test,1480,K-AA1-XX,1,2,0.3333333333333333,4.423218638967365,1.1058046597418412,0.00025541377846003777-1.1168506473363533-1.658717956015666-1.647394621836885,1.0,2.590870458235554
bove,test,260269,B-OW1-V,3,0,1.0,0.03869682007625129,0.009674205019062822,0.0031565925654460213-0.03541234688954359-3.533449981095692e-05-9.254612145072441e-05,1.0,0.03555289302097748
fush,test,55,F-AH1-SH,3,0,1.0,0.07489825660606175,0.018724564151515438,4.4962178633925896e-05-0.025536313112308827-0.04904689804318804-0.00027008327193095807,1.0,0.05529716504125725
jeep,test,2641,JH-IY1-P,3,0,1.0,0.0040219632427462414,0.0010054908106865604,0.00013916618840133422-9.396044642099267e-06-0.0009956337207514161-0.0028777672889513913,1.0,0.003048325210489363
shed,test,6229,SH-EH1-D,3,0,1.0,0.06673503255786575,0.01668375813946644,0.06573771866428135-0.00036119114815451396-0.0003636872624117253-0.00027243548301816314,1.0,0.0657402814395174
rear,test,15897,R-EH1-R,2,1,0.6666666666666666,1.8995087537237645,0.4748771884309411,0.00011612070076686255-1.8993365588539073-5.383678188092395e-05-2.237387209215374e-06,1.0,1.8993365631678931
mouch,test,55,M-AW1-CH,3,0,1.0,0.2774716751613714,0.06936791879034285,0.00024434472193668677-0.00010604671528365313-0.2770882934617489-3.299026240217747e-05,1.0,0.2770884234538691
nouse,test,55,N-AW1-S,3,0,1.0,0.04564952697769682,0.011412381744424206,0.031903561358330244-0.00029327271079521627-0.0009589336912957533-0.012493759217275609,1.0,0.034277351260434366
dean,test,14490,D-IY1-N,3,0,1.0,0.02752094352200566,0.006880235880501415,9.200045249697016e-05-0.018451021691173478-0.008975840491552383-2.080886782829305e-06,1.0,0.02051863500312082
tile,test,1329,T-AY1-L,3,0,1.0,0.0011836044772845563,0.00029590111932113907,0.00033696119774903507-0.0006803914572690732-9.258869537257392e-05-7.366312689387399e-05,1.0,0.0007684232601163083
node,test,8030,N-OW1-D,3,0,1.0,0.0020946995857976216,0.0005236748964494054,0.00020801476064033272-0.0018131660040795767-5.064863886880164e-05-2.287018220891059e-05,1.0,0.0018259050985326936
fuzz,test,728,F-AH1-Z,3,0,1.0,0.6340349834413471,0.15850874586033678,0.0007313528994719461-0.024872211738224296-0.1201872401965401-0.4882441786071108,1.0,0.5034347151752725
tays,test,260269,T-EY1-Z,3,0,1.0,0.03957872239803788,0.00989468059950947,0.0002323546698952623-0.017067581567270007-0.022272137817529774-6.6483433428379174e-06,1.0,0.028060728722033326
clow,test,55,K-L-OW1,3,0,1.0,0.0649198327297111,0.016229958182427773,0.00010008449437850852-0.0006469337614869124-0.05912360950776391-0.005049204966081771,1.0,0.05934243180232692
rose,test,19328,R-OW1-Z,3,0,1.0,0.0844412737282412,0.0211103184320603,0.0002485440591655909-0.08401709446039042-0.00016925310212288083-6.382106562303892e-06,1.0,0.08401763281037722
lere,test,260269,L-IY1-R,3,0,1.0,0.4352743014428948,0.1088185753607237,0.0005143131657270284-0.4331477269723797-0.0016018595705684813-1.0401734219638471e-05,1.0,0.43315099441378585
mave,test,260269,M-EY1-V,3,0,1.0,0.012004626826967233,0.0030011567067418084,0.0009492593459967342-0.011040567132578144-9.748287457330394e-06-5.052060935023973e-06,1.0,0.01108130572032714
whine,test,3759,W-AY1-N,3,0,1.0,0.020720670400577203,0.005180167600144301,0.0006489948841880152-0.002000726013079832-5.2401837847202474e-05-0.018018547665462153,1.0,0.018140973095847366
pen,test,7904,P-EH1-N,3,0,1.0,0.06689109196445696,0.01672277299111424,0.0008625105182496943-0.06078734133746928-0.005185528789183486-5.57113195544884e-05,1.0,0.06101424099213782
ten,test,39039,T-EH1-N,3,0,1.0,0.028049432431286405,0.007012358107821601,0.004113055882235289-0.022995007469527977-2.2596713716121687e-05-0.0009187723658070181,1.0,0.023378029225871007
vein,test,2171,V-EY1-N,3,0,1.0,0.46234107768895005,0.11558526942223751,0.00024925402570826345-0.4616063614956679-0.0004740377391954529-1.1424428378409728e-05,1.0,0.4616066723338543
gate,test,16640,G-EY1-T,3,0,1.0,0.004737048165128013,0.0011842620412820032,0.0016789034224369127-0.0009953388330525914-0.0013577606735130855-0.0007050452361254222,1.0,0.0024799231693693117
tease,test,1425,T-IY1-S,2,1,0.6666666666666666,0.5171609581723873,0.12929023954309682,0.0006053999899466559-0.005455139846367457-0.5047494183411342-0.0063509999949389485,1.0,0.5048192107839599
zit,test,2,Z-IH1-T,3,0,1.0,0.00986494759312406,0.002466236898281015,0.008260526437821861-0.00012011852569491883-2.294673083959039e-05-0.001461355898767689,1.0,0.008389684922897185
math,test,18406,M-AE1-TH,3,0,1.0,0.002707543746502049,0.0006768859366255123,4.1887609715656226e-05-0.0008355374672704397-0.0006706204525097583-0.0011594982170061946,1.0,0.0015792546778861632
fuel,test,16554,F-Y-UW1-L,1,2,0.3333333333333333,7.254834220551378,1.8137085551378445,0.0004036963083346747-2.6444738760788193-2.645704247250681-1.9642524009135436,1.0,4.225077597234039
hail,test,3228,HH-EY1-L,3,0,1.0,0.0613799677558978,0.01534499193897445,0.0016296467513972886-0.05973796165795394-2.1145137127324654e-06-1.0244832833846392e-05,1.0,0.05976018675514062
lid,test,2900,L-IH1-D,3,0,1.0,0.3000412709304509,0.07501031773261273,0.0005110052982610246-0.2966539879196959-0.002226790506720016-0.000649487205773952,1.0,0.29666349641414463
bool,test,55,B-UW1-L,3,0,1.0,0.01885358115133239,0.004713395287833097,0.0005894717275132963-0.01823255912455045-1.4935731129674517e-05-1.6614568138968807e-05,1.0,0.018242099338280787
rung,test,565,R-AH1-NG,3,0,1.0,0.03171499831335792,0.00792874957833948,0.0003545393833967-0.02451791094873038-0.0003236968212784939-0.00651885115995234,1.0,0.025374275468315742
goad,test,190,G-OW1-D,3,0,1.0,0.012397448254742663,0.0030993620636856657,0.0004332087546791947-0.0004884402211579446-0.0011852392653045095-0.010290560013601015,1.0,0.010379145493937312
tame,test,1307,T-EY1-M,3,0,1.0,0.0008545905978913723,0.00021364764947284307,0.00012455095607329718-5.047446963085083e-05-0.0003602369866506902-0.00031932818553653407,1.0,0.0004998017500694778
wane,test,175,W-EY1-N,3,0,1.0,0.01424366976344961,0.0035609174408624024,9.758069910686312e-06-0.01333096090863633-5.92816544129261e-06-0.0008970226194612987,1.0,0.013361111431706908
chase,test,9068,CH-EY1-S,3,0,1.0,0.14881876133977506,0.037204690334943766,0.04270631127098532-0.03894312343400351-0.0662025511318787-0.0009667755029075198,1.0,0.0878869063991466
lure,test,5053,L-XX-XX,1,2,0.3333333333333333,3.9496686181329848,0.9874171545332462,0.0022937104503448105-2.102197396380367-1.8451742840240972-3.227278175817447e-06,0.0,2.7971248261188273
lear,test,55,L-IH1-R,3,0,1.0,0.42431568921383006,0.10607892230345752,1.1258858550056462e-05-0.4242446269127459-4.6555311747779634e-05-1.3248130786312218e-05,1.0,0.4242446298234155
pome,test,260269,P-OW1-M,3,0,1.0,0.18491360088724496,0.04622840022181124,9.77125366666135e-05-0.18437701467639145-4.517506717535927e-05-0.000393698607011541,1.0,0.1843774664325821
natch,test,260269,N-AE1-CH,3,0,1.0,0.0015900597639150699,0.00039751494097876747,0.0001266338827215628-0.0009326549464445602-0.00027021812672672137-0.0002605528080222255,1.0,0.001013304984276999
reat,test,260269,R-IY1-T,3,0,1.0,1.0460630267790556,0.2615157566947639,1.1498488330561203e-05-1.0442770196326567-0.0016005371046043412-0.000173971553463807,1.0,1.044278260738106
same,test,401467,S-EY1-M,3,0,1.0,0.03021634148720572,0.00755408537180143,6.582383173576823e-06-0.030155661364607247-3.0509476599908125e-05-2.3588262824988364e-05,1.0,0.030155686742286934
flaw,test,3800,F-L-AO1,3,0,1.0,0.2300374138058512,0.0575093534514628,9.824310804226475e-05-2.314202859084952e-05-0.2210308683987992-0.008885160270418871,1.0,0.22120940541807912
lare,test,260269,L-EH1-R,3,0,1.0,0.004692369710162319,0.0011730924275405797,0.00026511386771358125-0.00362466467260063-8.063383657102916e-05-0.000721957333277078,1.0,0.0037062384648489364
sup,test,1124,S-AH1-P,3,0,1.0,0.049873518141799494,0.012468379535449874,0.0013288819230141671-0.0036431468132574587-0.044851783451472275-4.970595405559299e-05,1.0,0.04501914476450982
ridge,test,7148,R-AY1-JH,2,1,0.6666666666666666,2.3396332614847917,0.5849083153711979,0.006856498617624447-1.726452592044929-0.6059653163955616-0.00035885442667675234,1.0,1.8297211966862108
verb,test,2103,V-ER1-B,3,0,1.0,0.011299947367887498,0.0028249868419718744,0.000150741792766606-0.0065890599390354045-0.004544118467613984-1.60271684715045e-05,1.0,0.008005479591262939
apt,test,3780,AE1-P-T,3,0,1.0,0.0681048033368194,0.01702620083420485,0.006019716014344805-0.01984519054395484-0.04222611336828218-1.3783410237568657e-05,1.0,0.04704373931558429
whoosh,test,207,W-UW1-TH,2,1,0.6666666666666666,1.614058011216801,0.40351450280420026,0.19865587924379097-0.0024327762634790383-1.4129502858587648-1.9069850766297292e-05,1.0,1.4268491817394353
tin,test,11851,T-IH1-N,3,0,1.0,0.0018906113708958162,0.00047265284272395404,0.0003525563594638739-0.0005731677824799776-0.0003811327405811628-0.0005837544883708018,1.0,0.0009689420839799456
sheet,test,17019,SH-IY1-T,3,0,1.0,0.2592348967107124,0.0648087241776781,0.006309747763618604-0.00011863032907102779-0.25275518859873286-5.133001928992502e-05,1.0,0.2528339672361041
deak,test,260269,D-IY1-K,3,0,1.0,0.6455286367412859,0.16138215918532148,2.277752883598205e-05-0.6018653901840206-0.04294382410095908-0.0006966449274701813,1.0,0.6033958947181761
meaf,test,55,M-IY1-F,3,0,1.0,0.001745949544301233,0.0004364873860753083,1.0972122426090649e-05-0.0015471610944928285-0.00018620123533591838-1.6150920463955237e-06,1.0,0.0015583649599325955
hike,test,2400,HH-AY1-K,3,0,1.0,0.0019011142032482973,0.0004752785508120743,8.414929965931716e-05-0.00035956281782386913-0.0013318316911832238-0.00012557039458188705,1.0,0.001387771631872482
cowl,test,336,K-AA1-L,2,1,0.6666666666666666,1.4744358396686787,0.3686089599171697,2.588989918404075e-05-1.4742257327420956-8.451836156936104e-06-0.00017576519124227352,1.0,1.4742257434714983
nowl,test,55,N-OW1-L,2,1,0.6666666666666666,2.35282016706357,0.5882050417658925,0.000444525578301757-2.3522887068863274-8.233408536610295e-05-4.600513574783166e-06,1.0,2.3522887503340244
hall,test,33445,HH-AO1-L,3,0,1.0,0.06550503728425286,0.016376259321063215,0.0003411655471357348-0.008597343072917847-2.6252927109904756e-06-0.05656390337148829,1.0,0.05721455997694317
shot,test,42216,SH-AA1-T,3,0,1.0,0.04677490011028562,0.011693725027571406,0.042391478412256094-0.00392822971788434-2.8578626838244102e-05-0.0004266133533069438,1.0,0.042575242176461844
rone,test,260269,R-OW1-N,3,0,1.0,0.0036190012576325136,0.0009047503144081284,0.0027424042071800287-0.0007058683225812265-8.07738989825767e-06-0.00016265133797300054,1.0,0.002836468160645265
pet,test,14819,P-EH1-T,3,0,1.0,0.4568221113118927,0.11420552782797318,0.0003152062359405086-0.4530528628734223-0.002227768297043446-0.0012262739054864533,1.0,0.45306010927033924
din,test,3777,D-IH1-N,3,0,1.0,0.0018980713073800193,0.00047451782684500483,0.0007258882640359353-0.0007604300548442221-1.1895131985609874e-05-0.000399857856514252,1.0,0.0011248090681340625
mig,test,2,M-IH1-G,3,0,1.0,0.016540358525905942,0.0041350896314764855,0.00038271575897402734-3.958010896696948e-05-0.016115302687446098-2.7599705188471763e-06,1.0,0.016119895355201214
boad,test,55,B-OW1-D,2,1,0.6666666666666666,1.7367123994674598,0.43417809986686495,1.7320406107240127-0.0005140066963326261-3.1751428071533856e-05-0.0041260306190429126,1.0,1.7320456017486714
mive,test,260269,M-AY1-V,3,0,1.0,0.007767949066648452,0.001941987266662113,0.002052995793579727-0.005642181813756682-5.460312260793337e-05-1.8168336704109282e-05,1.0,0.0060043583285310205
womb,test,2493,W-OW1-M,2,1,0.6666666666666666,2.078762970256621,0.5196907425641553,0.00013085545258910634-1.0957315644724963-0.0007381574159297274-0.9821623929156056,1.0,1.471486047993175
rack,test,11657,R-AE1-K,3,0,1.0,0.007718104747000937,0.0019295261867502342,0.0009546038224927754-0.0014500098315249096-8.658800183283463e-05-0.005226903091150418,1.0,0.0055083400744485546
moll,test,388,M-OW1-L,2,1,0.6666666666666666,2.2545290502980024,0.5636322625745006,0.00010843970973095818-2.235807985052137-9.2501526631315e-06-0.018603375383471416,1.0,2.235885382447699
dase,test,55,D-EY1-S,2,1,0.6666666666666666,1.0035899808781088,0.2508974952195272,0.00019410332076056315-0.0012025722340505097-0.9996566530609936-0.0025366522623040937,1.0,0.999660613643393
boose,test,260269,B-UW1-Z,2,1,0.6666666666666666,1.0026206411915184,0.2506551602978796,3.0061475746141906e-05-0.0007469100266318283-0.9542650076785363-0.04757866201060421,1.0,0.9554506751982106
bood,test,55,B-UW1-D,3,0,1.0,0.0024132449637597818,0.0006033112409399454,3.562637122527668e-05-0.0022615871285641084-3.640425890898653e-05-7.962720506141007e-05,1.0,0.0022635616493186426
mose,test,55,M-OW1-Z,3,0,1.0,0.1393701418388678,0.03484253545971695,0.0004927598867371233-0.06251555803887272-0.07629853531717658-6.328859608140514e-05,1.0,0.09864029757766588
worse,test,34814,W-ER1-S,3,0,1.0,0.4368965617291403,0.10922414043228508,0.00032219706130656007-0.11382620704958124-0.013634175191567174-0.30911398242668536,1.0,0.32968750975291733
foal,test,265,F-OW1-L,3,0,1.0,0.0008090210219946531,0.00020225525549866328,0.00015139254372726807-0.0004293490590411987-4.3831686132575894e-05-0.00018444773309361033,1.0,0.000493155654685589
nad,test,55,N-AE1-D,3,0,1.0,0.005256728295404754,0.0013141820738511885,0.0005845191368443284-0.0001840454488232707-0.0001081813045119131-0.0043799824052252415,1.0,0.004423967044779877
gyp,test,20,XX-IH1-P,2,1,0.6666666666666666,0.7681947011759644,0.1920486752939911,0.705736085552663-0.059765468975541046-0.0021828140711014207-0.0005103325766590361,1.0,0.7082657402766773
sut,test,260269,S-AH1-T,3,0,1.0,0.050936868229083096,0.012734217057270774,0.0010821757405652852-0.04937603413318626-0.00037763766916779675-0.0001010206861637501,1.0,0.04938943881482406
whim,test,1625,W-IH1-M,3,0,1.0,0.04217887835141704,0.01054471958785426,0.011584867669583828-3.192157524653618e-05-0.00010519748880259172-0.030456891617784084,1.0,0.032585940088293165
nall,test,260269,N-AO1-L,3,0,1.0,0.0042060683440589,0.001051517086014725,0.000508716801012755-0.002728826170647598-6.62373386896797e-05-0.0009022880337088675,1.0,0.0029195540984977117
shock,test,11043,SH-AA1-K,3,0,1.0,0.004839895884914065,0.0012099739712285163,9.83422974730124e-05-0.004133545028189198-0.0001367044276959329-0.0004713041315559208,1.0,0.004163734068419027
surf,test,5925,S-ER1-F,3,0,1.0,0.6672603234472355,0.16681508086180888,0.20696182667690696-0.4048803719335088-0.055408967975831856-9.15686098793543e-06,1.0,0.4580736481118002
hid,test,1607,HH-IH1-D,3,0,1.0,0.8615694426689396,0.2153923606672349,0.00020794895161113-0.8612062988468498-1.4191667549388573e-05-0.00014100320292928173,1.0,0.8612063356127628
tide,test,3979,T-AY1-D,3,0,1.0,0.004058824706885324,0.001014706176721331,0.00022025042653315015-3.7537878294881014e-05-0.000282787698536725-0.003518248703520567,1.0,0.0035366597468462764
poes,test,260269,P-OW1-Z,3,0,1.0,0.04517663876723913,0.011294159691809783,0.0001714205820979327-0.0449679632089061-3.6830016910526214e-05-4.2495932457601586e-07,1.0,0.044968305024808704
poot,test,260269,P-UW1-T,3,0,1.0,0.01837294208214557,0.004593235520536393,0.00016777531784165526-0.01757002742514133-0.00010109745592534851-0.0005340418832372377,1.0,0.017579233023830746
dip,test,5049,D-IH1-P,3,0,1.0,0.0017614250846260207,0.00044035627115650516,0.0011923556279128803-2.5490193587132586e-05-0.00028697465243446275-0.0002566046106915451,1.0,0.0012532206791912863
shame,test,11306,SH-EY1-M,3,0,1.0,0.016181088794892693,0.004045272198723173,0.0002065131987344339-0.004430505599626295-0.0002941989555232192-0.011249871041008745,1.0,0.012096205150142323
foth,test,260269,F-OW1-TH,2,1,0.6666666666666666,2.3454042955691157,0.5863510738922789,9.030670918445539e-06-1.987405589853595-0.3549734456911275-0.003016229353474819,1.0,2.018860129738614
dire,test,4071,D-XX-R,2,1,0.6666666666666666,0.9566761194695432,0.2391690298673858,2.55705351818967e-05-0.955730004334984-0.0004553275617013415-0.00046521703767595586,0.0,0.9557302263662489
sewn,test,561,S-XX-N,2,1,0.6666666666666666,2.027607987245747,0.5069019968114368,5.109849911083138e-05-2.024470174468238-7.824153983741924e-05-0.003008472738561174,0.0,2.0244724120008333
ref,test,5667,R-EH1-F,3,0,1.0,0.005934864194003477,0.0014837160485008693,0.001289296701031184-0.0025876442065499807-0.0020469700155945256-1.0953270827787539e-05,1.0,0.0035423713444339027
foll,test,55,F-OW1-L,3,0,1.0,0.21511407274375374,0.053778518185938436,0.0001392019237981828-0.002136590985676655-3.0655822007803936e-06-0.21283521425207813,1.0,0.21284598383183428
and,test,10715413,AE1-N-D,3,0,1.0,0.00585455698954585,0.0014636392473864625,0.003479411893117941-0.002055480071812703-8.668311418746781e-05-0.00023298191042773792,1.0,0.004048839337447403
rull,test,260269,R-AH1-L,3,0,1.0,0.11459049628840538,0.028647624072101346,0.0011229016579600956-0.11314406503456062-1.8623231539258203e-05-0.0003049063643454073,1.0,0.11315004938308294
pang,test,730,P-AE1-NG,3,0,1.0,0.03856986484896728,0.00964246621224182,9.649428313942802e-06-0.0003539308339441643-0.0004381967579472645-0.03776808782876191,1.0,0.03777228924471526
terse,test,618,T-ER1-S,3,0,1.0,0.6654267298804117,0.16635668247010293,0.003938289079412607-0.19962708455484593-0.4419845615493907-0.019876794696762536,1.0,0.48539872540434736
shag,test,478,SH-AE1-G,3,0,1.0,0.017495125882066094,0.0043737814705165235,0.016982191065525266-0.000318057068590505-0.0001915227311404417-3.3550168098782414e-06,1.0,0.016986249318126936
haid,test,260269,HH-EH1-D,2,1,0.6666666666666666,2.0705148953191834,0.5176287238297959,0.0026773406129333888-1.5488968585838574-0.0001341092166859093-0.5188065869057066,1.0,1.6334775600802511
toss,test,4465,T-XX-S,2,1,0.6666666666666666,1.217338676103213,0.30433466902580325,0.03051169160330149-1.1173686493534272-0.010061502505505143-0.05939683264097923,0.0,1.1194073786798289
dat,test,260269,D-AE1-T,3,0,1.0,0.0043929254442628286,0.0010982313610657071,0.0003777739825389294-0.0001198789352759916-7.207824446054943e-05-0.003823194281987358,1.0,0.003844358715332321
wait,test,61761,W-EY1-T,3,0,1.0,0.044330173053195476,0.011082543263298869,0.00017330262850822904-0.002497539176272135-0.0001117479106232507-0.04154758333779186,1.0,0.041623093404315234
gel,test,2478,G-EH1-L,2,1,0.6666666666666666,1.9530301833297066,0.48825754583242664,1.9518097087251054-0.0011961578882355324-2.2056944750677453e-05-2.25977161502702e-06,1.0,1.951810075381027
blur,test,1630,B-L-ER1,3,0,1.0,0.07917735664702966,0.019794339161757414,0.00073458655929693-0.0009993575961922368-0.018527285672500265-0.05891612681904022,1.0,0.06177304142395637
tash,test,55,T-AE1-SH,3,0,1.0,0.018688005224326815,0.004672001306081704,0.013136632604111768-0.0007243310389472918-0.0008419825555038011-0.0039850590257639535,1.0,0.013772632344326564
bass,test,17077,B-AE1-S,3,0,1.0,0.736564907721782,0.1841412269304455,0.002502657810322415-4.744281551136868e-05-7.965404878883593e-06-0.7340068416910693,1.0,0.7340111097658415
east,test,49100,IY1-S-XX,2,1,0.6666666666666666,0.8500627607126211,0.21251569017815528,0.0014634544718867837-0.00027664789097978304-0.8471311736201516-0.0011914847296029204,1.0,0.8471333207872083
join,test,43731,JH-OY1-N,3,0,1.0,0.26076486569529345,0.06519121642382336,0.0002580343081377981-0.2602861851826899-3.2297131299526935e-05-0.00018834907316618826,1.0,0.260286383234198
kite,test,2348,K-AY1-T,3,0,1.0,0.03338276249227043,0.008345690623067607,0.00010056945831183878-0.03240800699313799-0.0006934273043442265-0.00018075873647636605,1.0,0.03241608469001846
heap,test,4317,HH-IY1-P,3,0,1.0,0.002104933522832529,0.0005262333807081322,6.908990643302453e-05-0.0015351215002922059-1.6627664457760232e-05-0.0004840944516495381,1.0,0.001611209282859773
quill,test,432,K-W-IH1-L,4,0,1.0,0.03744530488414417,0.0074890609768288345,0.0014491382852649664-0.03493298276524698-0.0008810623033476822-1.2183521253164474e-05-0.0001699380090313797,1.0,0.03497454195260243
steal,test,11270,S-T-IY1-L,4,0,1.0,0.020246848947841272,0.004049369789568254,2.8888099888009405e-05-3.832960146721191e-05-0.018152940046943778-0.0020253450178689754-1.3461816732978916e-06,1.0,0.01826563878659081
chunk,test,4239,CH-AH1-NG-K,4,0,1.0,0.024945910878747216,0.004989182175749443,0.004627598946148103-0.000609889251819378-0.0043832198962984155-0.01532432903758813-8.737468931920604e-07,1.0,0.016608260438133866
shred,test,1448,SH-R-EH1-D,4,0,1.0,0.006720174913381636,0.001344034982676327,0.0021801583107961646-0.0004541634398855658-0.004039473977457871-3.6356725291821565e-05-1.0022459950212984e-05,1.0,0.0046128220175938916
stitch,test,3068,S-T-IH1-CH,4,0,1.0,0.0023798265622917317,0.0004759653124583463,2.4687513325539406e-05-0.0005381708791739436-0.0013126706131736763-0.0004151795920477629-8.91179645708098e-05,1.0,0.0014811001358642165
bork,test,260269,B-AO1-R-K,4,0,1.0,0.0040805522826697195,0.0008161104565339439,0.0003469152078377599-0.0002419759345992562-0.0011116516065491863-0.002376072514487754-3.937019195762799e-06,1.0,0.0026571428081535236
crate,test,2140,K-R-EY1-T,4,0,1.0,0.0005173476951318587,0.00010346953902637174,5.7166518693161706e-05-0.000209498459190092-0.0002409023777032527-7.553095254786024e-06-2.227244290566264e-06,1.0,0.0003244280824938812
bleak,test,725,B-L-IY1-K,4,0,1.0,0.005326144297055013,0.0010652288594110025,0.00014017553234323607-3.709736352442891e-06-0.005018570390179574-0.00012589753707146874-3.7791101108290934e-05,1.0,0.005022249502002297
tilt,test,2138,T-IH1-L-T,4,0,1.0,0.0010968539288542273,0.00021937078577084545,0.00012413845351521655-0.0003163707310700056-0.00033169023725407857-0.0003243453995500587-3.091074648678919e-07,1.0,0.0005750819440438888
toast,test,3066,T-OW1-S-T,4,0,1.0,0.6720809201207429,0.1344161840241486,0.00018546826609859782-0.6712109895044803-0.0006668531627458784-1.0813279700120474e-05-6.795907718110495e-06,1.0,0.6712113465118967
vast,test,13768,V-AE1-S-T,4,0,1.0,0.0005239124896881831,0.00010478249793763661,0.000247870888742796-8.807682804494597e-05-9.164851371662308e-07-0.00018335648642053837-3.6918013427365667e-06,1.0,0.0003206736278200134
warn,test,4213,W-AO1-R-N,4,0,1.0,0.0007900348180015219,0.00015800696360030437,2.6801169028036403e-05-0.00044144473951680834-7.358062330935954e-05-0.0002319562075800777-1.6252078567239882e-05,1.0,0.0005050481968363157
tord,test,260269,T-AO1-R-D,4,0,1.0,0.016028438900141686,0.003205687780028337,0.00028479446719833714-0.00034826523199194285-0.002240837816987555-0.013154037362972956-5.040209908936054e-07,1.0,0.013351121671340145
scour,test,174,S-K-AA1-R,3,1,0.75,1.0797631906271254,0.2159526381254251,0.0010279969762118164-0.0001933979669855905-1.078459922372585-5.3289264376094324e-05-2.8584046966911117e-05,1.0,1.078460431356307
brain,test,54115,B-R-EY1-N,4,0,1.0,0.0004725089302584326,9.450178605168652e-05,6.740012940155643e-05-0.00011492300765176847-0.00027667940469433045-1.2191952926275749e-05-1.314435584501497e-06,1.0,0.0003073303427423762
gorge,test,834,G-AO1-R-JH,4,0,1.0,0.054920528790809775,0.010984105758161954,1.7251238132341934e-05-0.037962613084057024-0.0014475510473104941-0.015489253090837986-3.86033047192773e-06,1.0,0.04102648742000453
mand,test,55,M-AE1-N-D,4,0,1.0,0.0013609349482160582,0.00027218698964321167,5.7716437457722154e-05-0.0009263739020563333-8.47316128512418e-06-0.0003609702264911232-7.401220925755429e-06,1.0,0.0009959547532444918
trout,test,1949,T-R-XX-T,3,1,0.75,0.5664240608588977,0.11328481217177955,0.00013491667069559824-0.00020258507244462042-0.5626776939272247-0.0033883348888868524-2.0530299645948528e-05,0.0,0.5626879487969256
jump,test,26857,JH-AH1-M-P,4,0,1.0,0.0031104917659666048,0.0006220983531933209,0.002784155017286695-0.00016372521272400425-1.890065531865134e-05-0.0001248781274608612-1.8832753176393034e-05,1.0,0.00279188673832697
froze,test,1331,F-R-OW1-Z,4,0,1.0,0.029345288645800365,0.005869057729160073,0.00021213341916341682-0.015620246691183866-0.013044895212379002-0.0004616232801607938-6.390042913285617e-06,1.0,0.020357296855632624
frame,test,31449,F-R-EY1-M,4,0,1.0,0.005095793714600735,0.0010191587429201469,0.000315829646698663-0.0021473114073187662-0.002571917218583802-5.898188641057706e-05-1.7535555889258143e-06,1.0,0.003365848297660591
darn,test,4518,D-AA1-R-N,4,0,1.0,0.02466075986065682,0.004932151972131364,2.4686869847721244e-05-0.0118177116161883-0.0003911641919300658-0.01242147094317931-5.726239511424509e-06,1.0,0.017149486869642773
clout,test,790,K-L-AW1-T,4,0,1.0,0.004058944820274703,0.0008117889640549406,1.3490166782783422e-05-0.0010272104050851089-0.0028548761647312956-0.00013945263057275434-2.3915453102761352e-05,1.0,0.0030373804671026284
swung,test,1272,S-W-AH1-NG,4,0,1.0,0.002928451828780335,0.000585690365756067,0.0001513444643614378-0.0016979360655430813-0.00044008051599708916-7.757838199801762e-05-0.0005615124008807094,1.0,0.0018495614268851093
phint,test,55,F-IH1-N-T,4,0,1.0,0.09587465708469518,0.019174931416939038,0.0005316831726269555-0.09097111064370553-4.897924914834897e-06-0.0043460147011479735-2.095064229990414e-05,1.0,0.09107641827304719
grab,test,10232,G-R-AE1-B,4,0,1.0,0.0005736201969480312,0.00011472403938960624,5.414835910702376e-05-6.867348745845495e-05-8.659204107649896e-05-0.00036287307033353223-1.3332389725213207e-06,1.0,0.0003831773961899714
guest,test,14824,G-EH1-S-T,4,0,1.0,0.11241239511825188,0.022482479023650376,0.00023491287067552654-0.009738752414537014-1.3119421582349694e-05-0.1024197844487739-5.825962683090249e-06,1.0,0.1028820243543197
depth,test,12606,D-EH1-F-_,2,2,0.5,3.163781200772834,0.6327562401545668,0.0002171480221282111-0.015317927880261609-1.7035384801522864-1.4430862911970574-0.0016213535211003524,1.0,2.232661799748338
smear,test,1828,S-M-IH1-R,4,0,1.0,0.07817825101920386,0.01563565020384077,0.0005162325651910055-0.015185950997236191-0.06120093006330164-0.001264082940329492-1.1054453145536839e-05,1.0,0.06307163762140576
spell,test,21474,S-P-EH1-L,4,0,1.0,0.08557383785814107,0.017114767571628213,1.4589360277049803e-05-0.00046016836654640375-0.08508490072180201-3.4173059206683354e-06-1.0762103594932477e-05,1.0,0.08508614708702446
trim,test,4157,T-R-IH1-M,4,0,1.0,0.001214999136264802,0.0002429998272529604,0.00025355091345901807-5.0292679049524156e-05-2.375579696211505e-05-0.0008649947640921441-2.2404982702000758e-05,1.0,0.0009033823566618329
vent,test,2060,V-EH1-N-T,4,0,1.0,0.0002979856583800334,5.959713167600668e-05,7.916147427346989e-05-6.450939523978662e-05-6.991389280793694e-05-8.122588313494321e-05-3.175012923896721e-06,1.0,0.00014806646578152089
tax,test,62256,T-AE1-K-S,4,0,1.0,0.07383967782080587,0.014767935564161176,0.011586945586333011-0.00012055728760051814-0.00010847017250231343-0.06201259491395278-1.1109860417252955e-05,1.0,0.063086017937809
sect,test,1668,S-EH1-K-S,3,1,0.75,1.4443914661120165,0.2888782932224033,2.7248410451436126e-06-0.0003554046752407579-0.02861767699297227-1.4137478641082797-0.0016677954944786663,1.0,1.4140385081633795
mince,test,278,M-IH1-N-S,4,0,1.0,0.4687370301647232,0.09374740603294464,0.0002952921191953049-0.003558562473558939-0.00018749370390905247-0.4644909366819574-0.0002047451861024634,1.0,0.4645047447534592
steep,test,3258,S-T-IY1-P,4,0,1.0,0.030067449468621273,0.006013489893724255,0.00013350853556722366-0.0003736613172815497-0.011869157663712576-0.01767651434619377-1.4607605866153987e-05,1.0,0.02129539207829976
tend,test,31397,T-EH1-N-D,4,0,1.0,0.0027301073083693525,0.0005460214616738705,0.0018993636194402-0.00021694787700286304-0.0003287632833751424-0.00028015791596446867-4.874612586678374e-06,1.0,0.001959909706188031
spun,test,1575,S-P-AH1-N,4,0,1.0,0.0014027606371132151,0.000280552127422643,0.0002552128862429017-0.00037124867203571486-6.999085649841649e-05-0.0006883838430564524-1.7924379279729768e-05,1.0,0.0008258641005273385
font,test,19612,F-AA1-N-T,4,0,1.0,0.11582909513411914,0.02316581902682383,7.873754319865252e-06-0.10356195768052263-1.0421872734266056e-05-0.012237064557223593-1.177726931878546e-05,1.0,0.1042824296653829
spat,test,690,S-P-AE1-T,4,0,1.0,0.6288172290960947,0.12576344581921894,3.573629471774001e-05-0.00010466532907652536-0.6285979772304281-1.3987373455550925e-05-6.48628684168166e-05,1.0,0.6285979904620583
gorm,test,55,G-AO1-R-M,4,0,1.0,0.010578806256518723,0.0021157612513037446,0.0005435596824368308-0.009326498685845189-3.1415883358989347e-05-0.0006759953726044069-1.3366322733074729e-06,1.0,0.009366802728441464
grail,test,1599,G-R-EY1-L,4,0,1.0,0.0019248603358908436,0.0003849720671781687,5.281047351088047e-05-0.0015034150706829466-0.00021364404223958057-0.00015462414657095626-3.666028864797674e-07,1.0,0.0015272846358010655
brook,test,2793,B-R-UH1-K,4,0,1.0,0.04128863085574206,0.008257726171148411,0.00019574301233281512-0.000270070026949545-0.040803183992650885-1.7463701885794818e-05-2.170121923023697e-06,1.0,0.04080455105468957
bridge,test,19358,B-R-AY1-JH,3,1,0.75,2.7632383255590702,0.5526476651118141,4.397782467442805e-05-0.0009149207252448227-1.6949604216338041-1.067298871698156-2.0133677190960438e-05,1.0,2.003002384385138
tross,test,55,T-R-AO1-S,4,0,1.0,0.048644129009384564,0.009728825801876912,0.004789266844701884-4.954732258320356e-05-0.041700610614108534-0.0014465675507895645-0.0006581366772013825,1.0,0.042004834947911796
glitch,test,2,G-L-IH1-CH,4,0,1.0,0.03218025965941832,0.006436051931883664,0.00017425115261290915-0.00014357146260079637-0.00013271350586180686-0.02686461996462054-0.004865103573722271,1.0,0.02730285017594742
brat,test,1082,B-R-AE1-T,4,0,1.0,0.008673128431074626,0.0017346256862149252,0.002198078234317595-0.0021650690885192253-0.0030270338677448323-4.789303011794722e-05-0.001235054210375026,1.0,0.004495515405781124
grass,test,7356,G-R-AE1-S,4,0,1.0,0.07969899349866225,0.01593979869973245,2.3557138630951718e-05-0.001272843097668554-0.0009563297323932156-2.0154154573362194e-05-0.07742610937539617,1.0,0.07744248233526531
bright,test,13728,B-R-AY1-T,4,0,1.0,0.002591575357381423,0.0005183150714762846,0.0005817591499457668-1.1699905826850273e-05-0.0003437112423243147-0.0015489356481591281-0.00010546941112536328,1.0,0.0016932346125872134
bolt,test,7297,B-OW1-L-T,4,0,1.0,0.0006817077956329434,0.00013634155912658867,8.828917467814202e-05-0.0002958398620742284-0.00016668994885802509-0.0001303929852215147-4.958248010331765e-07,1.0,0.0003743051133032361
pink,test,13068,P-IH1-NG-K,4,0,1.0,0.0025273023484188094,0.0005054604696837618,5.0068366347588424e-05-0.0007868260298612981-0.001673138730863031-5.824748065534114e-06-1.1444473281358077e-05,1.0,0.0018496378453493748
wind,test,23687,W-AY1-N-D,4,0,1.0,0.0006362335062075223,0.00012724670124150447,8.160192980108093e-05-0.0003123762659384887-0.00012423193565099785-0.00011299150351692983-5.03187130002494e-06,1.0,0.0003639557389303321
star,test,81635,S-T-AA1-R,4,0,1.0,0.007099199590756278,0.0014198399181512555,2.7743629345443525e-05-0.004325159430603563-0.0023147794278661534-3.173243730222624e-05-0.000399784665638892,1.0,0.0049220739871763085
stook,test,55,S-T-UH1-K,4,0,1.0,0.10834116568483991,0.02166823313696798,0.000341767282234969-0.001362216805749841-0.10657962206258656-5.7304590053761404e-05-2.5494421478175664e-07,1.0,0.10658889042665703
fluke,test,1184,F-L-UW1-K,4,0,1.0,0.046253028777719994,0.009250605755544,0.0009019501410291907-3.1473249031047094e-05-0.04523590085043564-8.312699943508594e-05-5.775377890291959e-07,1.0,0.045244979177852834
dream,test,32425,D-R-IY1-M,4,0,1.0,0.019085897850165442,0.0038171795700330884,0.0008406669868411043-2.0803190732044723e-06-0.017967281295859186-0.00024204342902057723-3.382581937137033e-05,1.0,0.01798859782424999
junk,test,12377,JH-AH1-NG-K,4,0,1.0,0.006046998945544694,0.0012093997891089389,0.0023790682663194147-2.356608540339473e-05-0.00321879037003056-0.0004192942855862708-6.279938205054403e-06,1.0,0.004024547149424385
weird,test,16202,W-EH1-XX-T,1,3,0.25,3.482752473173763,0.6965504946347526,0.0001150525106005051-1.6969039909368338-1.1096628847928018-0.6760699412232628-6.037102641195063e-07,1.0,2.137265882151097
flown,test,2273,F-L-AW1-N,3,1,0.75,2.113391165447368,0.42267823308947355,6.773537644263107e-05-2.9545424079384205e-05-2.1128773224853377-0.00014264174697878364-0.0002739204145290224,1.0,2.1128773463485486
vest,test,1240,V-EH1-S-T,4,0,1.0,0.01419592276279014,0.002839184552558028,0.00011501860051610891-0.0004456207802890832-0.00014443115108813925-0.013463247411297318-2.760481959948934e-05,1.0,0.013471913761584279
source,test,186067,S-AO1-R-_,3,1,0.75,2.506496732971593,0.5012993465943186,2.8759966283927385e-05-0.8429325117974759-0.17438129328146623-1.4884660553070477-0.0006881126193193121,1.0,1.7194405273283384
slap,test,3100,S-L-AE1-P,4,0,1.0,0.0027088412624249273,0.0005417682524849855,0.0017955022898978618-0.00011268455182652536-0.0007730879662737871-2.6350748475866203e-05-1.215705950887066e-06,1.0,0.0019582867830663484
chump,test,288,CH-AH1-M-P,4,0,1.0,0.007923574577817349,0.0015847149155634697,0.00017837939121874232-0.007472577822678416-2.1943064241137007e-05-4.052872252360624e-05-0.0002101455771554475,1.0,0.007477802067600649
cloak,test,3971,K-L-UH1-K,3,1,0.75,1.4085706444023085,0.2817141288804617,9.90212377833885e-05-0.0031864486247500322-1.405266200493181-1.5797978868834616e-05-3.1760677250145365e-06,1.0,1.4052698167143023
bind,test,6802,B-AY1-N-D,4,0,1.0,0.030083771046527954,0.006016754209305591,9.663262273124059e-05-0.024774530513459767-0.0027441622757423813-0.0024477810425718883-2.0664592022675716e-05,1.0,0.025046141133505388
sleeve,test,4253,S-L-IY1-V,4,0,1.0,0.037342332917177756,0.007468466583435552,0.012817954222761446-0.00024834827876942124-0.024134754477810348-7.364462702500568e-05-6.763131081153262e-05,1.0,0.027328702833355516
wrest,test,152,R-EH1-S-T,4,0,1.0,0.005990433483022589,0.0011980866966045177,2.59163761377282e-05-0.0003124464293128198-4.873080682362785e-05-0.00560034709493765-2.9927758107628964e-06,1.0,0.005609328450158695
wasp,test,788,W-AA1-S-P,4,0,1.0,0.3553039394001429,0.07106078788002858,1.3424496360379353e-05-0.3529630448688248-0.0008758358522181086-0.0014450084502023763-6.625732537164867e-06,1.0,0.35296708969116464
glare,test,910,G-L-AY1-R,3,1,0.75,0.8645881604122981,0.17291763208245964,5.828342827906304e-06-0.05052717526240034-0.8037563598108367-0.010298229530501536-5.674657316415683e-07,1.0,0.8054087998911603
glass,test,20770,G-L-AE1-S,4,0,1.0,0.4159637793545481,0.08319275587090962,3.2413640036474066e-05-0.0008505606081668272-0.0008545396797899195-5.9906010149639145e-06-0.4142202748255399,1.0,0.4142220308656816
shark,test,3257,SH-AA1-R-K,4,0,1.0,0.002531344481232731,0.0005062688962465462,0.0003807105872273555-0.0005235336408019989-0.0008949209383014683-0.0007301184215212266-2.0608933806815733e-06,1.0,0.001324004783531747
bant,test,260269,B-AE1-N-T,4,0,1.0,0.00023463542018781815,4.692708403756363e-05,7.809247098063084e-05-2.95708189076774e-05-2.5411166277479508e-05-0.00010040267277315238-1.1582912488780458e-06,1.0,0.0001330437261389013
sunk,test,1554,S-AH1-NG-K,4,0,1.0,0.0006896554549746681,0.00013793109099493364,3.8740481369540005e-05-0.0004932257719034326-0.00013230686121641316-2.3115442664996555e-05-2.266897820285758e-06,1.0,0.0005126568589288025
scourge,test,543,S-K-AO1-R-XX,2,2,0.5,5.399164387843826,1.0798328775687653,0.002676542357124454-0.00028143888843788615-2.2701159554238046-1.9965595688810245-1.129530882293435,1.0,3.2273090679855154
gripe,test,1431,G-R-AY1-P,4,0,1.0,0.0040297858581318045,0.0008059571716263609,0.00030849217511796565-3.664139925600215e-05-0.0010803907765076725-0.001094952595744729-0.001509308911505435,1.0,0.002177312293055166
squeeze,test,3916,S-K-W-IY1-XX,4,1,0.8,0.6143660906360586,0.1023943484393431,0.0022455289263849237-0.00031144000844795676-0.01367191483403693-0.0018409069685844971-0.5961801769937153-0.00011612290488909867,1.0,0.5963440839930594
strewn,test,349,S-T-R-UW1-N,5,0,1.0,0.6676868121953037,0.11128113536588395,0.00016317391577557827-0.003085283932832404-0.00017446798795950902-0.6636064046672977-0.000655328938730926-2.152752707631069e-06,1.0,0.6636139433570254
spent,test,33154,S-P-EH1-N-T,5,0,1.0,0.0022045416310391575,0.00036742360517319294,4.298250613352012e-06-0.0017440029058013546-0.0001515115928431681-0.0002871526117623841-1.6855023965089272e-05-7.212460538095838e-07,1.0,0.0017740523125428038
blend,test,3257,B-L-EH1-N-D,5,0,1.0,0.007132166013583902,0.001188694335597317,0.00024836172560987416-0.004799113517078428-0.0015665127529281063-8.83954135477746e-05-0.0004267035472101082-3.0790572096103986e-06,1.0,0.0050731681865053965
brunt,test,539,B-R-AH1-N-T,5,0,1.0,0.001098923809875915,0.0001831539683126525,3.422335689853237e-05-0.0006518546107458379-0.00027256929975288604-0.00010664690968753564-3.2804556032353955e-05-8.250767587692354e-07,1.0,0.0007161215524405265
trump,test,802,T-R-AH1-M-P,5,0,1.0,0.13047480475802367,0.021745800793003946,0.0001066835871208261-1.6363162631333573e-05-0.12993526798278998-0.00023288473202654964-0.00016959931442367228-1.4005979031313577e-05,1.0,0.12993563295067914
stream,test,11582,S-T-R-IY1-M,5,0,1.0,0.006121695324212032,0.0010202825540353386,0.0005346557307928097-0.0007255655626322388-0.0001125885246049152-0.0010510394575909518-0.0036950718175341552-2.774231056961752e-06,1.0,0.0039475594595301975
stand,test,48718,S-T-AE1-N-D,5,0,1.0,0.0010224719692273965,0.00017041199487123276,7.111293883480844e-05-4.6715998418281714e-05-0.00011103589225194535-0.0006267267533190957-0.00011935756469902325-4.7522821704242026e-05,1.0,0.0006548736321655002
flux,test,5582,F-L-AH1-K-_,4,1,0.8,0.9952050904379347,0.1658675150729891,6.0428863104980165e-05-0.0008495371690297785-0.002062160882384523-2.2984454586325866e-05-0.9919038144294852-0.0003061646393439171,1.0,0.991906371195078
stretch,test,9426,S-T-R-EH1-XX,4,1,0.8,1.102728107259311,0.18378801787655183,1.1454222902781842e-05-0.0001915542803074888-0.00012281725554014278-0.01045070173074642-0.7768510713781032-0.3151005083917109,1.0,0.8383884461065803
starm,test,55,S-T-AA1-R-M,5,0,1.0,0.014942877045192697,0.002490479507532116,2.773774259274801e-06-0.0006128065889352103-0.0036173131964133457-3.09028601656677e-05-0.010675498770512538-3.5818549066598985e-06,1.0,0.011288389441628856
jinx,test,493,JH-IH1-N-XX,2,3,0.4,4.297242570283774,0.8594485140567547,0.0015689413076078712-4.928301816762489e-05-0.9938089470788468-1.5697659149065608-1.7320494839725906,1.0,2.7298020312527718
french,test,2,F-R-EH1-N-CH,5,0,1.0,0.013556307983231946,0.002259384663871991,0.00017597774067240333-0.001273347128709524-0.0012040383135519667-0.0021380497538927156-0.008481345467872011-0.00028354957853332527,1.0,0.008926755703776499
fringe,test,2337,F-R-AY1-N-JH,4,1,0.8,1.712210445581287,0.28536840759688115,0.00026347689044999484-0.00036457844885512907-1.5825592474921013-0.00026242594869764024-0.12870722449551014-5.34923056727668e-05,1.0,1.5877844927843408
thwart,test,508,TH-XX-AO1-XX-T,3,2,0.6,3.2762627762483385,0.5460437960413898,0.0001797906812632266-1.0895322923644908-1.0087995797109541-1.1777285809655784-5.967932846731525e-06-1.656459320520088e-05,1.0,1.8952049628438359
scribe,test,797,S-K-R-AY1-B,5,0,1.0,0.22754738680492556,0.03792456446748759,0.0016919773994924264-0.0029182702555591335-0.00017288928737336007-0.00015478211048972738-0.22260529384653083-4.173905480082807e-06,1.0,0.2226309722454046
dwarf,test,4770,D-XX-AA1-R-TH,2,3,0.4,5.1797192569196575,0.8632865428199429,0.004083509529479733-1.409672819643574-1.901331034706653-1.279576458938244-0.5850527821040744-2.6519976323580494e-06,1.0,2.7535171161905456
splurge,test,148,S-P-R-AH1-XX,2,3,0.4,4.443805980700284,0.740634330116714,0.00011283552515863419-0.033265264791135916-1.7843203496363043-1.6974279219523474-0.9286760678437893-3.5409515480323538e-06,1.0,2.632224627557745
strung,test,939,S-T-R-AH1-NG,5,0,1.0,0.03457256378900646,0.00576209396483441,6.220091353649761e-05-9.282431487477987e-05-4.935812289640553e-05-0.03422833698373756-4.981118368731831e-05-9.0032270273899e-05,1.0,0.0342287096041814
quaint,test,872,K-W-EY1-N-T,5,0,1.0,0.4252277301010844,0.07087128835018074,0.0001036983852068748-0.0004538009256808729-0.4244401529361662-0.00020868652107609915-1.9109151451092986e-05-2.282181503264103e-06,1.0,0.4244404599393695
dramp,test,55,D-R-AE1-M-P,5,0,1.0,0.001945040020536169,0.00032417333675602815,0.0014192229598404844-9.489613126729599e-05-0.00028860415020242534-0.00010699504194448506-3.206210038609062e-05-3.259636895387518e-06,1.0,0.001455670973639479
ink,train,5598,IH1-NG-K,3,0,1.0,0.012666554079748107,0.003166638519937027,0.0036140800456261704-0.008301740348114981-0.00014896476626259953-0.0006017689197443562,1.0,0.009075504598537289
cab,train,3389,K-AE1-B,3,0,1.0,0.07660530034085683,0.019151325085214208,0.0004143028288765491-0.00010573653633418636-0.07608021599180702-5.0449838390774784e-06,1.0,0.07608141769092504
dice,train,14896,D-AY1-S,3,0,1.0,0.008291833560422821,0.0020729583901057053,0.00017807549291404447-0.0017478768587356984-0.006332439541017648-3.3441667755431835e-05,1.0,0.006571734419486716
dumb,train,12451,D-AH1-M,3,0,1.0,0.014480516379612944,0.003620129094903236,4.619865512853027e-05-8.258044213804132e-05-1.1600237976126663e-05-0.014340137044370246,1.0,0.014340453928031719
hone,train,317,HH-OW1-N,3,0,1.0,0.03513665410030293,0.008784163525075732,0.0003764143875240091-0.00041852414334937066-2.162227900621379e-05-0.034320093290423334,1.0,0.034324715894468984
dirt,train,260269,D-ER1-T,3,0,1.0,0.004566277629124815,0.0011415694072812038,2.6651302680275652e-05-0.0013352604635055595-0.003201554539305341-2.8113236336394838e-06,1.0,0.003468946550326604
brew,train,2990,B-R-UW1,3,0,1.0,0.008692964632655504,0.002173241158163876,0.005185800646445169-9.987295798182403e-05-0.0008187283621878479-0.0025885626660406623,1.0,0.005854355281282262
mad,train,55,M-AE1-D,3,0,1.0,0.0015296719684837015,0.00038241799212092537,0.0008629452672722351-0.0002448937576767743-2.945006769534194e-05-0.00039238287583935003,1.0,0.0009795300478269253
tomb,train,6177,T-UW1-M,3,0,1.0,0.006570790965763899,0.0016426977414409748,0.00010287988293774675-0.004955089480674234-0.00025073791540356475-0.0012620836867483541,1.0,0.005120470756324947
hedge,train,797,HH-EH1-JH,3,0,1.0,0.10015365367072027,0.025038413417680067,5.270710384240884e-05-0.0011307234116406846-0.013131249653853202-0.08583897350138397,1.0,0.08684492157124415
pry,train,1110,P-R-AY1,3,0,1.0,0.016362653048603668,0.004090663262150917,0.010720911176194217-0.0014604069791314034-0.002655231816495574-0.0015261030767824723,1.0,0.01124499762529264
shack,train,4310,SH-AE1-K,3,0,1.0,0.02154441426993224,0.00538610356748306,0.0006315880587593637-0.00020927545580438117-0.00032186734101366445-0.020381683414354833,1.0,0.020395080707870897
sop,train,434,S-AA1-P,3,0,1.0,0.0013955109345174404,0.0003488777336293601,0.0006417953683346249-0.0006385043056040529-5.066403900053944e-05-6.45472215782232e-05,1.0,0.0009090226794486522
nine,train,14717,N-AY1-N,3,0,1.0,0.00043260362632536553,0.00010815090658134138,0.0002869002754718934-1.9452444866315324e-05-1.830481675285626e-05-0.00010794608923430052,1.0,0.00030769723784015437
lit,train,5378,L-IH1-T,3,0,1.0,0.0009005585252125166,0.00022513963130312914,0.00013004690067801192-0.000347610848638095-0.00014777406908393642-0.00027512670681247324,1.0,0.000485053995717955
dodge,train,6589,D-AA1-JH,3,0,1.0,0.007432373124417107,0.0018580932811042767,9.981385346767399e-06-0.0002896874801887258-0.00237372330347663-0.004758980955404984,1.0,0.005326019200078693
pall,train,162,P-AA1-L,3,0,1.0,0.031196542226105045,0.007799135556526261,4.284050417624712e-05-0.008203827729100345-9.368703534857808e-06-0.022940505289293596,1.0,0.02436332274995074
core,train,19757,K-AO1-R,3,0,1.0,0.04981509214703793,0.012453773036759482,1.280563212799662e-05-0.0070440858567962445-0.001679530303359037-0.04107867035475465,1.0,0.04171207606553084
meal,train,6530,M-IY1-L,3,0,1.0,0.0005755568347548455,0.00014388920868871138,7.791035796009453e-05-0.00020300946459792687-0.00029160179443093976-3.035217765884387e-06,1.0,0.0003637632274653904
loath,train,227,L-OW1-TH,3,0,1.0,0.00675851798230865,0.0016896294955771624,0.0011741446700116779-0.0046091437660832025-0.0002367285717792972-0.0007385009744344732,1.0,0.004819154082251138
name,train,297697,N-EY1-M,3,0,1.0,0.0069220724444567115,0.0017305181111141779,7.150289134721419e-05-0.006827625337447688-4.336465764112781e-06-1.8607749897696148e-05,1.0,0.006828026469289663
flea,train,3445,F-L-IY1,3,0,1.0,0.11846833684055924,0.02961708421013981,0.00010761565749713632-4.349146690343994e-05-0.0001381065316550394-0.11817912318450363,1.0,0.11817926088239679
sun,train,74085,S-AH1-N,3,0,1.0,0.0019078536504148343,0.0004769634126037086,0.0010568156182250207-0.0008293938017358443-1.7402695096406964e-05-4.241535357562499e-06,1.0,0.001343530488563984
side,train,112410,S-AY1-D,3,0,1.0,0.0017113195202915828,0.0004278298800728957,1.963844534748083e-05-0.00016177425203412987-0.0013972092411770824-0.0001326975817328897,1.0,0.001412925648781727
folk,train,11994,F-OW1-K,3,0,1.0,0.28842185859409847,0.07210546464852462,4.660828819917872e-05-0.0007484593988289594-0.053209658623303076-0.23441713228376723,1.0,0.24038140951986675
aft,train,936,AE1-F-T,3,0,1.0,0.017957257771432065,0.004489314442858016,0.007988254542487973-0.0037295890813413674-0.006236624991558145-2.789156044580245e-06,1.0,0.01079896033958638
zen,train,2,Z-EH1-N,3,0,1.0,0.02447635984592431,0.006119089961481077,0.0033109940342328915-0.004322883238965831-3.4800984884338213e-05-0.01680768158784125,1.0,0.017667749501825755
sag,train,871,S-AE1-G,3,0,1.0,0.003913830502314903,0.0009784576255787258,0.0006026285234724023-0.0003694286042504923-0.002940333541309184-1.4398332828240606e-06,1.0,0.0030241035098370365
reap,train,1435,R-IY1-P,3,0,1.0,0.04500505283798944,0.01125126320949736,7.91204101211297e-06-0.0448688005392119-5.2644529914105204e-05-7.569572785132065e-05,1.0,0.044868895971683094
lace,train,3287,L-EY1-S,3,0,1.0,0.0007522585625628163,0.00018806464064070408,0.00015206514916752415-0.00045731977078640804-0.00013336860957153217-9.505033037352017e-06,1.0,0.0005001426936540802
whore,train,2887,HH-AO1-R,3,0,1.0,0.03307727359436988,0.00826931839859247,0.015352675392277778-0.0011875946865522525-8.456622521276649e-05-0.016452437290327086,1.0,0.022534526111697376
flew,train,260269,F-L-UW1,3,0,1.0,0.000594924853987813,0.00014873121349695325,0.0001328405135746831-0.00014045486087239454-0.00020887651812855973-0.00011275296141217564,1.0,0.00030613199787378546
lean,train,4549,L-IY1-N,3,0,1.0,0.0001303217771525071,3.258044428812677e-05,1.2588273940664707e-05-0.00010054178663663783-7.525498892640529e-06-9.666217682564039e-06,1.0,0.00010206460894336621
nut,train,4433,N-AH1-T,3,0,1.0,0.002438076289746214,0.0006095190724365535,0.00013335686119539684-0.0018234486346882296-0.00025145942617213707-0.00022981136769045047,1.0,0.0018597833431625397
flay,train,61,F-L-EY1,3,0,1.0,0.0018821745158790833,0.0004705436289697708,8.678285291572844e-05-4.115307938602624e-05-0.0007481211001859763-0.0010061174833913523,1.0,0.0012574507586511567
seep,train,209,S-IY1-P,3,0,1.0,0.0072565921268638225,0.0018141480317159556,5.7419415911350784e-05-0.003590664548157299-0.003526689641117686-8.18185216774869e-05,1.0,0.0050339252062355415
taught,train,18608,T-AO1-T,3,0,1.0,0.005036986419181621,0.0012592466047954053,8.867215407243438e-05-0.004670095315871958-0.00019370462519709876-8.451432404013058e-05,1.0,0.004675715684580036
rail,train,7341,R-EY1-L,3,0,1.0,0.00043113847565085867,0.00010778461891271467,7.683886461950934e-05-0.0003240606464264727-2.768036552934334e-05-2.5585990755333268e-06,1.0,0.00033420392388992993
jig,train,889,JH-IH1-G,3,0,1.0,0.0005851802468707187,0.00014629506171767967,0.00024956028900034266-3.40285255275856e-05-0.0002983944576087563-3.1969747340340656e-06,1.0,0.00039049680072260513
nape,train,177,N-EY1-P,3,0,1.0,0.0006346972999603512,0.0001586743249900878,0.00027144744209323373-0.0001291959326486512-0.0002310353001888793-3.0186250295869085e-06,1.0,0.0003791592341778703
sheik,train,441,SH-IY1-K,3,0,1.0,0.00236500697218818,0.000591251743047045,0.002158299530145709-0.00011898639046102463-8.336514156467971e-05-4.355910016766364e-06,1.0,0.002163188235850571
neck,train,14843,N-EH1-K,3,0,1.0,0.0009385413151348803,0.00023463532878372008,2.3635374355048686e-05-8.575295712430283e-05-2.317846023901254e-05-0.0008059745234165163,1.0,0.0008111993429435195
beak,train,584,B-IY1-K,3,0,1.0,0.0011839395904268358,0.00029598489760670896,5.8505646108449684e-05-0.00018596717473607052-0.0008999362395167951-3.953053006552065e-05,1.0,0.0009216586128869924
hooch,train,92,HH-UW1-CH,3,0,1.0,0.0050522388092545676,0.0012630597023136419,0.0005621033390147404-0.00187503734417356-0.002605939463133195-9.158662933072254e-06,1.0,0.0032592529162982433
coupe,train,1128,K-UW1-P,3,0,1.0,0.01786539233520092,0.00446634808380023,4.183451381750028e-05-0.01718413549167809-0.00017947045664112952-0.00045995187306420096,1.0,0.017191277674833805
jock,train,949,JH-AA1-K,3,0,1.0,0.00921467959839898,0.002303669899599745,0.0035119274256842-0.0006496109513197047-0.00010046102514859023-0.004952680196246484,1.0,0.006106943767156641
mill,train,4855,M-IH1-L,3,0,1.0,0.005951776550765502,0.0014879441376913756,0.0009345105554654343-0.0004185154254587572-1.6345988110183082e-05-0.004582404581731128,1.0,0.004695440776074273
cause,train,79707,K-AA1-Z,3,0,1.0,0.13147777707538658,0.032869444268846644,5.18734511890201e-06-0.12739277597253024-0.0019731728699357203-0.0021066408878017023,1.0,0.12742547133089455
sky,train,19797,S-K-AY1,3,0,1.0,0.015108223677977824,0.003777055919494456,0.0030718464193649764-0.006424523721253921-0.0015764396024384292-0.004035413934920498,1.0,0.00833549476128481
nil,train,4760,N-IH1-L,3,0,1.0,0.001161723338914027,0.00029043083472850674,0.0004729461268061531-8.078881931426076e-05-0.0006055076271633127-2.480765630300486e-06,1.0,0.0007725610092013394
noon,train,4850,N-UW1-N,3,0,1.0,0.0010248002599485954,0.00025620006498714885,0.00021645620404836866-0.0007803383768904581-2.215834383873399e-05-5.847335171034809e-06,1.0,0.0008101274308708115
bathe,train,672,B-EY1-DH,3,0,1.0,0.012938529577430607,0.003234632394357652,0.0011148085423896806-0.0017520004401647502-0.006347793513410323-0.0037239270814658524,1.0,0.007646856806916907
mice,train,4183,M-AY1-S,3,0,1.0,0.0007297179167073746,0.00018242947917684364,4.858143917416056e-05-6.913574665993903e-05-0.0004351667856700522-0.0001768339452032228,1.0,0.0004772633269223621
path,train,43724,P-AE1-TH,3,0,1.0,0.9885123980573258,0.24712809951433146,4.2026167209484506e-05-0.0011287638111431865-0.05247983808608715-0.9348617699928861,1.0,0.9363343090337519
sloe,train,31,S-L-OW1,3,0,1.0,0.01441745709055995,0.0036043642726399875,0.00032661071127382935-0.00015825158002652246-0.003049859922306178-0.010882734876953421,1.0,0.011307841618410098
sight,train,14324,S-AY1-T,3,0,1.0,0.012468451342431967,0.0031171128356079917,1.5785732212767142e-05-0.002145582420458479-0.0035570883114218535-0.0067499948783388665,1.0,0.007925848927728615
king,train,52585,K-IH1-NG,3,0,1.0,0.03614420726350557,0.009036051815876392,2.5714984016365256e-05-3.7946114899272306e-05-0.01367402148618003-0.022406524678409902,1.0,0.026249444050050738
laid,train,9981,L-EY1-D,3,0,1.0,0.007026496254972869,0.0017566240637432173,2.1648663212421864e-05-0.006909600364652761-1.7368140419467832e-05-7.78790866882182e-05,1.0,0.0069100949825797245
sole,train,7670,S-OW1-L,3,0,1.0,0.0019597714584534305,0.0004899428646133576,7.313244127341645e-05-0.0011739933204008475-9.57419029533903e-05-0.000616903793825776,1.0,0.0013316701818131202
loin,train,557,L-OY1-N,3,0,1.0,0.01092752051629817,0.0027318801290745426,7.73571424759735e-06-0.010409991346778709-0.0003929174966421835-0.00011687595862968066,1.0,0.01041806238367556
berth,train,395,B-ER1-TH,3,0,1.0,0.01676666540731252,0.00419166635182813,0.0007477639343094363-0.004701700649871314-0.010547571989405593-0.0007696288337261752,1.0,0.011597790449730087
choke,train,2961,CH-OW1-K,3,0,1.0,0.025295443481812493,0.006323860870453123,0.024532902377612218-0.0003656362529164022-0.0003342275070748809-6.267734420899161e-05,1.0,0.0245379833200461
stay,train,49011,S-T-EY1,3,0,1.0,0.010578080854715975,0.002644520213678994,4.26674864837813e-05-0.001558998959974985-0.008268037891153037-0.0007083765171041725,1.0,0.008443609780842133
nail,train,4605,N-EY1-L,3,0,1.0,0.000555040462633534,0.0001387601156583835,0.000318839619646701-0.00015631421324745657-7.794502271946135e-05-1.9416070199151436e-06,1.0,0.0003635547176480886
judge,train,28179,JH-AH1-JH,3,0,1.0,0.009434092599856822,0.0023585231499642055,0.003518481348549175-0.0034727528844518737-0.0013690001882485153-0.0010738581786072586,1.0,0.005240902260083029
sear,train,267,S-IH1-R,3,0,1.0,0.003965663111115668,0.000991415777778917,5.270844309678895e-06-0.0026258433654999993-5.1772254306240005e-05-0.0012827766469997498,1.0,0.0029228885463431498
town,train,260269,T-AW1-N,3,0,1.0,0.01773309395701974,0.004433273489254935,5.909571716897826e-05-0.01549650865784191-9.196208212932058e-05-0.0020855274998795286,1.0,0.015636596652202177
gouge,train,306,G-AW1-JH,3,0,1.0,0.022579627817933916,0.005644906954483479,0.0006980428426435117-0.01927887617663133-0.0021694918531845646-0.0004332169454745122,1.0,0.019417947941709222
yore,train,385,Y-AO1-R,3,0,1.0,0.021905197976897176,0.005476299494224294,0.004264370499216249-0.004747023062818109-8.86019658312121e-06-0.012884944218279697,1.0,0.014378489132199381
gas,train,25775,G-AE1-S,3,0,1.0,0.003123904865061679,0.0007809762162654197,0.0009776379048882402-0.0001333299171859048-0.000284258432232464-0.0017286786107550696,1.0,0.0020106430154227784
sit,train,25660,S-IH1-T,3,0,1.0,0.0021791946334465207,0.0005447986583616302,7.35260386743709e-05-2.02881150416988e-05-0.001628556000013402-0.00045682447971704917,1.0,0.0016931334668074738
tack,train,1605,T-AE1-K,3,0,1.0,0.8544859697580839,0.21362149243952097,0.00027787262848626767-6.36819644695564e-05-2.9018550044420956e-05-0.8541153966150836,1.0,0.8541154446827479
nor,train,54813,N-AO1-R,3,0,1.0,0.00815005212222015,0.0020375130305550376,0.0005599630602315024-0.002528525663143261-1.8289909840973454e-05-0.005043273489004413,1.0,0.005669386445083333
leaf,train,55,L-IY1-F,3,0,1.0,0.003440431634503162,0.0008601079086257905,2.169651820678392e-06-0.0033996570880721055-3.670254840244929e-05-1.9023462079288847e-06,1.0,0.0033998564263580692
tore,train,1616,T-AO1-R,3,0,1.0,0.012319323939207451,0.003079830984801863,0.0010767009437499904-0.007816477405630379-8.253732535986869e-05-0.0033436082644672143,1.0,0.008569896883352409
fought,train,8256,F-AO1-T,3,0,1.0,0.2912448244597901,0.07281120611494753,0.0009508821329797614-0.000248097129146127-0.0031851510122714115-0.2868606941853928,1.0,0.2868800599283831
den,train,18871,D-EH1-N,3,0,1.0,0.010870108392684968,0.002717527098171242,0.0026502579087352342-0.004531707316336131-0.0009573331788350434-0.002730809988778559,1.0,0.005994501496693385
like,train,1060833,L-AY1-K,3,0,1.0,0.0007424367215342582,0.00018560918038356455,8.238764535698771e-05-8.677238732269463e-05-0.0005644452378000302-8.831451054545647e-06,1.0,0.00057705596982616
reach,train,34162,R-IY1-CH,3,0,1.0,0.300441853755815,0.07511046343895375,0.0001460716354151706-0.29978597794447026-0.0002159246269648438-0.0002938795489647223,1.0,0.2997862353372464
crew,train,15255,K-R-UW1,3,0,1.0,0.0024538631372481275,0.0006134657843120319,9.976887166306559e-05-0.00013449497274467415-0.0013541524372814525-0.0008654468555589351,1.0,0.0016157876743677242
moss,train,3717,M-AO1-S,3,0,1.0,0.16185273555403148,0.04046318388850787,0.0003611975021104495-0.0241578543099363-0.0010309257753521386-0.1363027579666326,1.0,0.1384313440870974
young,train,66851,Y-AH1-NG,3,0,1.0,0.24570861724900506,0.061427154312251264,0.0032298185367994605-0.003758478143568472-0.0013888799666181596-0.23733144060201897,1.0,0.23738723548566731
chip,train,35546,CH-IH1-P,3,0,1.0,0.0761972437784765,0.019049310944619126,0.02308421011908796-0.00011237061353265315-7.618285580762592e-05-0.05292448019004826,1.0,0.057739932379518064
curl,train,1238,K-ER1-L,3,0,1.0,0.019398906188535223,0.004849726547133806,8.163073362887962e-06-0.018082919468621148-0.001039889097406046-0.0002679345491451388,1.0,0.01811477853582356
bug,train,32228,B-AH1-G,3,0,1.0,0.005253055486240667,0.0013132638715601668,0.002456305807408796-3.215530514396206e-05-0.002754081322501153-1.051305118675659e-05,1.0,0.003690466994616539
mass,train,33837,M-AE1-S,3,0,1.0,0.027055241143629657,0.006763810285907414,0.00018456954345023798-4.7632074398596076e-05-1.5645533748925703e-05-0.026807393992031896,1.0,0.026808076248728382
cool,train,260269,K-UW1-L,3,0,1.0,0.0016599675533618093,0.00041499188834045233,3.440088100984214e-05-0.001596572907574044-1.1272003535320979e-05-1.772176124260223e-05,1.0,0.0015970815848600005
there,train,1313359,DH-EH1-R,3,0,1.0,0.018252871163348238,0.0045632177908370595,0.016723217683723878-0.0011904574972699477-1.1314230667119842e-05-0.0003278817516872939,1.0,0.01676874572545384
elm,train,4552,EH1-L-M,3,0,1.0,0.006845654143823966,0.0017114135359559916,0.0007776996851078696-0.0021872278081584637-0.0005414606329067719-0.0033392660176508617,1.0,0.0041027624155712695
cuff,train,837,K-AH1-F,3,0,1.0,0.5475547056985086,0.13688867642462715,8.003896348331077e-06-0.5059399593380693-0.019172152332534272-0.02243459013155663,1.0,0.5067998863244766
sell,train,77275,S-EH1-L,3,0,1.0,0.008286791060522034,0.0020716977651305084,5.6697947053199896e-05-0.00047455031109354715-6.584939170066228e-06-0.007748957863205221,1.0,0.007763684948664064
beef,train,5287,B-IY1-F,3,0,1.0,0.008054180479798351,0.002013545119949588,0.0009049651937631066-0.0023455831771752953-0.004797033617810715-6.598491049234173e-06,1.0,0.005415929976787065
yak,train,766,Y-AE1-K,3,0,1.0,0.012607040705678479,0.0031517601764196198,0.00422345725842211-0.007269403973606926-0.0004008809095756774-0.0007132985640737656,1.0,0.00844697139159252
jug,train,839,JH-AH1-G,3,0,1.0,0.005627850152551961,0.0014069625381379902,0.005433589670968225-0.0001376850949079938-4.8577670871891486e-05-7.997715803850295e-06,1.0,0.005435556793133325
sin,train,17451,S-IH1-N,3,0,1.0,0.003146914580062738,0.0007867286450156845,0.0007617479750905763-0.0022886530097199326-6.181409788332659e-06-9.033218546389641e-05,1.0,0.0024137917660834694
beet,train,422,B-IY1-P,2,1,0.6666666666666666,1.2956475466539639,0.32391188666349097,0.0002734062802482035-0.00011628614369326171-1.2937771432988474-0.0014807109311749682,1.0,1.293778024740276
sieve,train,496,S-IH0-V-TH,2,1,0.6666666666666666,3.9846576674360854,0.9961644168590214,4.696061413015681e-06-1.1798956687762039-1.325137830735566-1.4796194718629023,0.0,2.3102852293994594
role,train,32943,R-OW1-L,3,0,1.0,0.0055143199402643405,0.0013785799850660851,0.0046952925267981-0.0007175871282643456-6.49390005078688e-05-3.650128469402535e-05,1.0,0.004750394995832245
knife,train,7122,N-AY1-F,3,0,1.0,0.05963861391782292,0.01490965347945573,0.0030983748383975056-0.0005572024462952727-0.05562341535434129-0.00035962127878885807,1.0,0.05571358958414994
hatch,train,2611,HH-AE1-CH,3,0,1.0,0.00668468353332098,0.001671170883330245,0.00013405049237177725-0.0011620781863189563-0.0044475944560690385-0.0009409603985612078,1.0,0.004694134442358888
patch,train,25240,P-AE1-CH,3,0,1.0,0.038710812817227665,0.009677703204306916,0.0008869750191892251-0.00045292641490087454-0.0236028879117279-0.013768023471409666,1.0,0.02734312811484559
rage,train,6291,R-EY1-JH,3,0,1.0,0.0012652840432383408,0.0003163210108095852,0.0005841525097236688-0.00017557035116946924-0.00044881527982320706-5.674590252199577e-05,1.0,0.0007594171157421009
thus,train,68928,DH-AH1-S,3,0,1.0,0.02139048239343648,0.00534762059835912,0.020409271273572564-0.00012388895289497132-0.0002640164445066837-0.000593305722462261,1.0,0.020419975973399188
lice,train,398,L-AY1-S,3,0,1.0,0.0008213588814264598,0.00020533972035661496,9.417929550441169e-05-0.0005053998478287287-0.00021191718826880966-9.862549824509862e-06,1.0,0.0005561518771521035
bean,train,3577,B-IY1-N,3,0,1.0,0.009998480828828423,0.0024996202072071058,9.129755781167866e-05-0.0012973576101873664-0.008608389901337733-1.4357594916446052e-06,1.0,0.008706081252069281
that,train,5262333,DH-AE1-T,3,0,1.0,0.07202884650873875,0.018007211627184688,0.006356998165146321-8.23228729496101e-05-2.5804777279838416e-05-0.06556372069336298,1.0,0.0658712406120526
wife,train,38748,W-AY1-F,3,0,1.0,0.003418838846386732,0.000854709711596683,5.9875356212561684e-05-0.003240910128328098-5.215450000180951e-05-6.589886184426247e-05,1.0,0.0032425524313484952
mash,train,1629,M-AE1-SH,3,0,1.0,0.03679665898569992,0.00919916474642498,0.00015026426342206945-0.000421867573528232-0.035353010839070755-0.0008715163096788609,1.0,0.035366586881744
butt,train,10346,B-AH1-T,3,0,1.0,0.049563527890358554,0.012390881972589638,0.00010496919176284511-0.0023553380309795143-0.004842786116321176-0.042260434551295016,1.0,0.042602295027429224
plough,train,308,P-L-AW1,3,0,1.0,0.01007386933316273,0.0025184673332906823,5.115382734757194e-05-0.0008494269653316333-0.007214863559811349-0.0019584249806721744,1.0,0.007524216070468692
fad,train,1100,F-AE1-D,3,0,1.0,0.02662238384779183,0.006655595961947957,0.0015539584651767387-0.0008354422381421277-7.498805142705109e-05-0.024157995093045913,1.0,0.02422245034607881
sob,train,1633,S-AA1-B,3,0,1.0,0.002387627620287306,0.0005969069050718265,0.0010633873469505454-0.0012514657569317777-7.15694624824203e-05-1.2050539225624996e-06,1.0,0.001643801335485017
red,train,103821,R-EH1-D,3,0,1.0,0.0032803720082925625,0.0008200930020731406,0.0026974700037718197-0.000396553789040611-0.00017968412324246395-6.664092237668145e-06,1.0,0.0027323854272635058
seek,train,260269,S-IY1-K,3,0,1.0,0.0076231110229045065,0.0019057777557261266,6.02928905368714e-05-2.3508861433704045e-05-0.007535711943403909-3.597327530021284e-06,1.0,0.007535990667055054
wail,train,438,W-EY1-L,3,0,1.0,0.004165394981551611,0.0010413487453879028,0.0012455903386630871-0.002502600917812991-4.817053539974485e-05-0.0003690331896757878,1.0,0.0028201086044995203
dame,train,2949,D-EY1-M,3,0,1.0,0.0007259008050529214,0.00018147520126323034,1.8239005387778415e-05-0.0002652841250009577-0.000403579653204213-3.879802145997227e-05,1.0,0.000484860960734828
jar,train,2939,JH-AA1-R,3,0,1.0,0.0062714488512370156,0.0015678622128092539,0.002593217241110932-0.003310160552271479-3.2131093349003875e-05-0.0003359399645055997,1.0,0.0042185099986038945
gig,train,6864,G-IH1-G,3,0,1.0,0.0022316121310945822,0.0005579030327736456,0.0015151966599434715-0.0005012967605056815-0.00021356050505147537-1.5582055939538426e-06,1.0,0.0016101956023166432
shoal,train,102,SH-OW1-L,3,0,1.0,0.002465322965431515,0.0006163307413578787,0.0015389313742598272-0.00047231731226234503-8.554112717591884e-06-0.0004455201661917509,1.0,0.0016703157813634747
bide,train,246,B-AY1-D,3,0,1.0,0.2875342642602377,0.07188356606505943,7.174445341821721e-06-2.6199202530050894e-05-0.28714194729139336-0.0003589433209724554,1.0,0.28714217292566396
can,train,1625075,K-AE1-N,3,0,1.0,0.03654846384588356,0.00913711596147089,0.0007556524893332019-0.002316684563697228-0.00035973933899720344-0.03311638745385593,1.0,0.0332078690740348
hear,train,90311,HH-IY1-R,3,0,1.0,0.004584162320146186,0.0011460405800365464,0.00045895709457297306-0.003828751757262693-2.2136467533299316e-05-0.0002743170007772199,1.0,0.00386596966795024
mime,train,9920,M-AY1-M,3,0,1.0,0.0002461158374200584,6.15289593550146e-05,5.354695237457776e-05-9.89392059731027e-05-3.4477654101165906e-05-5.915202497121202e-05,1.0,0.00013169629181456808
dose,train,55,D-OW1-S,3,0,1.0,0.029881586797632205,0.007470396699408051,0.0004243309682535066-0.02486272530154686-0.004388198855432436-0.00020633167239940251,1.0,0.025251416359179758
seam,train,1087,S-IY1-M,3,0,1.0,0.0027104248901552892,0.0006776062225388223,1.8634508091340704e-05-0.0026471502381585194-1.0864437999099437e-05-3.377570590632974e-05,1.0,0.0026474535808200714
log,train,21914,L-AO1-G,3,0,1.0,0.002954589654193253,0.0007386474135483133,0.0003502465639371203-0.001871884636020535-0.0007213685481104424-1.108990612515539e-05,1.0,0.0020364479650460806
gain,train,260269,G-EY1-N,3,0,1.0,0.00038272873091804564,9.568218272951141e-05,7.164936870493475e-05-0.0002574208579775643-1.4193391745045028e-05-3.946511249050162e-05,1.0,0.00027047749930601855
wipe,train,4283,W-AY1-P,3,0,1.0,0.002181971234844104,0.000545492808711026,0.000246736624891684-0.0009404769286991302-0.00048778701499338495-0.0005069706662599048,1.0,0.0012001380103648317
louse,train,102,L-AW1-S,3,0,1.0,0.003878582716534458,0.0009696456791336145,4.3593406600085206e-05-0.0013386533879562222-0.00031901785101467583-0.0021773180709634744,1.0,0.0025761171653470656
when,train,260269,W-EH1-N,3,0,1.0,0.006017368318299913,0.0015043420795749782,0.003029761017601633-0.0023391882501720765-3.4644746982900626e-05-0.0006137743035433039,1.0,0.0038767476894563517
nab,train,321,N-AE1-B,3,0,1.0,0.003689926493597053,0.0009224816233992633,0.0006677919029058096-7.393919792633149e-05-0.0029437218122054373-4.473580559474599e-06,1.0,0.0030194256326582436
sad,train,17185,S-AE1-D,3,0,1.0,0.0038240535418444096,0.0009560133854611024,0.0010173214551242903-0.0010830650262870327-0.0003908324139782195-0.0013328346464548666,1.0,0.002034003678666498
char,train,19945,CH-AA1-R,3,0,1.0,0.10581423918327343,0.026453559795818357,0.04400294727753382-0.0005566918582584836-3.1299336632689565e-05-0.06122330071084843,1.0,0.0753980291818952
feet,train,40145,F-IY1-XX,2,1,0.6666666666666666,0.7603397353314509,0.19008493383286273,8.024202615905568e-05-0.0011453343516707759-0.7560644459768642-0.0030497129767569657,1.0,0.756071468479735
pawn,train,1544,P-AO1-N,3,0,1.0,0.062193557298019765,0.015548389324504941,1.7760585421434825e-05-0.061133898498475586-0.00020816142682038053-0.0008337367873023642,1.0,0.061139940376732684
tote,train,970,T-OW1-T,3,0,1.0,0.012437635720516777,0.0031094089301291943,6.159735123201218e-05-0.0007556111212887361-8.291257748213879e-05-0.01153751467051389,1.0,0.011562692665124417
type,train,157466,T-AY1-P,3,0,1.0,0.0004873117056853792,0.0001218279264213448,4.499205816332311e-05-0.000274096676378795-7.273535588478678e-05-9.548761525847424e-05,1.0,0.0003025914571879231
roar,train,1518,R-AO1-R,3,0,1.0,0.031189496733860022,0.0077973741834650055,0.009397829592532402-0.021352054384511848-0.00010961511807010336-0.00032999763874566937,1.0,0.023331316752492056
cone,train,55,K-OW1-N,3,0,1.0,0.028475092097614715,0.007118773024403679,0.00105962452534693-0.027310001911738446-6.518448839748778e-05-4.028117213185117e-05,1.0,0.027330658245717947
faith,train,29742,F-EY1-TH,3,0,1.0,0.37342620448879427,0.09335655112219857,6.129243005990728e-05-0.009431481369974922-0.006055066719342834-0.3578783639694166,1.0,0.3580538281152655
pole,train,5732,P-OW1-L,3,0,1.0,0.11853310457911684,0.02963327614477921,0.00017316745893275172-0.000570811795794672-5.1947005452982754e-05-0.11773717831893643,1.0,0.11773870081698481
through,train,305805,TH-R-UW1,3,0,1.0,0.09757297151648377,0.02439324287912094,0.00024384277636077783-6.454072927969458e-06-0.002109689690440174-0.09521298497675484,1.0,0.0952366673069167
whirl,train,389,W-ER1-L,3,0,1.0,0.03714091980087384,0.00928522995021846,0.00021897309117740758-0.025329212399621503-6.744309644895352e-05-0.011525291213625976,1.0,0.027829010692619716
ripe,train,55,R-AY1-P,3,0,1.0,0.0074164726744230525,0.0018541181686057631,0.006692045366548051-0.000520320228330905-0.00014576865507637943-5.8338424467717203e-05,1.0,0.006714078953998063
pub,train,102711,P-AH1-B,3,0,1.0,0.0011313704351877253,0.0002828426087969313,8.96002251449051e-05-0.0009732811456198116-6.203646432439842e-05-6.452600098610259e-06,1.0,0.0009793847802160984
coke,train,2,K-OW1-K,3,0,1.0,0.03581328303553149,0.008953320758882872,7.987314634310416e-06-0.034797381619238045-0.00012524361193489572-0.0008826704897242333,1.0,0.034808800963374784
did,train,260269,D-IH1-D,3,0,1.0,0.004272094326571394,0.0010680235816428484,6.96212993823612e-05-0.004128753078262104-2.623511612199504e-05-4.748483280493313e-05,1.0,0.004129696380758632
rake,train,921,R-EY1-K,3,0,1.0,0.0009209787768513401,0.00023024469421283503,0.00041324060437061957-0.00040656592432529947-0.00010000846773586514-1.163780419555947e-06,1.0,0.0005882743373009065
lodge,train,3578,L-AA1-JH,3,0,1.0,0.014815528771796668,0.003703882192949167,0.001098705561062703-0.00023838314304016462-0.0021889780069039443-0.011289462060789856,1.0,0.011554547103608976
phase,train,55,F-EY1-Z,3,0,1.0,0.19026104513552622,0.047565261283881555,0.005525014754351156-0.0001849074602926467-0.15280687861495343-0.03174424430592898,1.0,0.15616721543718545
him,train,260269,HH-IH1-M,3,0,1.0,0.0006588470146139514,0.00016471175365348785,0.0005241856239388969-1.309716607217567e-05-3.3007206878749826e-05-8.855701772412898e-05,1.0,0.0005327982030726653
huck,train,2,HH-AH1-K,3,0,1.0,0.014508675786290422,0.0036271689465726055,0.0001550442391778447-0.0003268264097644979-0.013961315725566695-6.548941178138402e-05,1.0,0.013966154799021566
pan,train,10049,P-AE1-N,3,0,1.0,0.010150133585741785,0.0025375333964354463,0.00041703067296889256-0.0002839377062820937-9.962049056536966e-05-0.00934954471592543,1.0,0.009363676940202244
thud,train,467,TH-AH1-D,3,0,1.0,0.007291903450850385,0.0018229758627125964,0.006296715987019062-0.00023398706074596642-5.37065645103927e-06-0.0007558297466343178,1.0,0.006346234286222498
phone,train,141621,F-OW1-N,3,0,1.0,0.2766440644872348,0.0691610161218087,0.0009897665691307865-0.001393740366526323-9.11215704757497e-05-0.27416943598110194,1.0,0.2741747801666062
care,train,104471,K-EH1-R,3,0,1.0,0.03475887977151235,0.008689719942878087,1.3723739325266038e-05-0.008363387019730948-0.0005590564338854511-0.025822712578570682,1.0,0.027149060016777124
sap,train,3704,S-AE1-P,3,0,1.0,0.000741016776441893,0.00018525419411047326,0.0003489412357792074-0.00020697137288812944-0.00015927324726013327-2.5830920514422992e-05,1.0,0.00043661463439711626
neat,train,11903,N-IY1-T,3,0,1.0,0.04782532571491963,0.011956331428729908,2.700965733291851e-05-0.0003066683585370402-0.04683897028575925-0.000652677413290423,1.0,0.046844529032105495
sour,train,2342,S-AW1-R,3,0,1.0,0.021106286599144687,0.005276571649786172,8.107325626897348e-05-0.019991613502879816-0.0008787255089338052-0.00015487433106209437,1.0,0.020011679787061396
win,train,64801,W-IH1-N,3,0,1.0,0.003087930606950189,0.0007719826517375472,0.00064478630383382-0.002335863081071838-0.00010232168819077246-4.959533853757987e-06,1.0,0.0024253865745436035
serf,train,552,S-ER1-F,3,0,1.0,0.020672125567339505,0.005168031391834876,0.0005711274751968821-0.008040640095896055-0.01202406453221863-3.6293464027937636e-05,1.0,0.014476101852195755
luck,train,60631,L-AH1-K,3,0,1.0,0.00043282842832779013,0.00010820710708194753,0.0001267340324965308-0.00010252707198495043-0.00011233209902109382-9.123522482521506e-05,1.0,0.00021798092164689853
hem,train,1793,HH-EH1-M,3,0,1.0,0.004368947895654231,0.0010922369739135578,0.0007910864639054238-0.0029640492838163843-6.9891693074965405e-06-0.0006068229786249259,1.0,0.0031272494186012157
peat,train,652,P-IY1-T,3,0,1.0,0.0009705968327768582,0.00024264920819421455,5.52222838283283e-06-0.000785097722573888-0.00012662686982903176-5.335001199110571e-05,1.0,0.0007970505109082909
wage,train,10057,W-EY1-JH,3,0,1.0,0.00735223618046945,0.0018380590451173625,0.0003351776309722769-0.0006681002434534149-0.005422965781959599-0.0009259925240841597,1.0,0.005552001621629008
write,train,260269,R-AY1-T,3,0,1.0,0.0016291536042193245,0.0004072884010548311,0.0009754886882469949-0.00036809765185725904-0.000198039473865013-8.752779025005748e-05,1.0,0.0010648731424331538
roof,train,5628,R-UW1-F,3,0,1.0,0.0013227866957777313,0.0003306966739444328,0.0007733279347331536-0.0004557820920063404-6.7052389117829e-05-2.662427992040823e-05,1.0,0.000900543327774966
said,train,260269,S-EH1-D,3,0,1.0,0.051368135041883194,0.012842033760470798,5.843347738558159e-05-0.046965006691025435-0.00038225362713713106-0.003962441246335047,1.0,0.0471334523075221
third,train,58368,TH-ER1-D,3,0,1.0,0.0272259490594551,0.006806487264863775,0.0003177636947219243-0.0034772039322045483-0.0009345611201970401-0.022496420312331587,1.0,0.022784956710696014
art,train,62515,AA1-R-T,3,0,1.0,0.0028029029551183693,0.0007007257387795923,0.001701826123855539-0.0007513165912287071-0.0003442697088141274-5.490531219995665e-06,1.0,0.0018918880924707819
wine,train,13079,W-AY1-N,3,0,1.0,0.0014055795458636667,0.00035139488646591667,2.1096414821807044e-05-2.2362674796469367e-05-3.949588094017325e-05-0.001322624575305217,1.0,0.0013235712446842188
dike,train,183,D-AY1-K,3,0,1.0,0.0015277015893175793,0.00038192539732939484,8.480662126822186e-05-8.556013068023359e-05-0.0013467083679834-1.0626469385723792e-05,1.0,0.001352127600939005
nod,train,2135,N-AA1-D,3,0,1.0,0.0008586325444893448,0.0002146581361223362,0.0004844404988926254-0.00014949137393601604-3.85502621125445e-05-0.00018615040954815887,1.0,0.0005414502428963411
grew,train,10674,G-R-UW1,3,0,1.0,0.0013387854074056256,0.0003346963518514064,0.0006015820489438746-1.28136953508221e-05-0.0006859497787459826-3.843988436494631e-05,1.0,0.0009132742611459641
shill,train,265,SH-IH1-L,3,0,1.0,0.053283681366911674,0.013320920341727919,0.0006416102053061515-1.143376198506127e-05-4.128318695452419e-06-0.05262650908092501,1.0,0.05263042152096223
quo,train,2,K-W-OW1,3,0,1.0,0.8834593904123592,0.2208648476030898,0.10032367811723786-0.04460173610765312-0.08640743402359405-0.6521265421638742,1.0,0.6669253533221997
tick,train,4621,T-IH1-K,3,0,1.0,0.0011372391223813125,0.0002843097805953281,2.3299634379883092e-05-7.896900508980939e-05-8.040507172717386e-05-0.0009545654111844463,1.0,0.0009614775486283044
gibe,train,29,JH-AY1-B,3,0,1.0,0.12046892370908963,0.030117230927272406,0.10954794197944992-0.01009193719825487-0.0008166200780424527-1.2424453342393308e-05,1.0,0.11001484359424117
cache,train,28691,K-AE1-SH,3,0,1.0,0.13188380992809776,0.03297095248202444,2.7418418398944452e-05-0.0009227681214304685-0.02020271457749369-0.11073090881077464,1.0,0.11256258745753565
met,train,33946,M-EH1-T,3,0,1.0,0.4539680529154356,0.1134920132288589,0.0006748232103546701-0.00012163646066138614-0.4438902975726091-0.009281295671810463,1.0,0.44398784770558847
orb,train,8505,AO1-R-B,3,0,1.0,0.0032783016077229036,0.0008195754019307259,0.0021175690704018724-0.0007389839982133692-0.00041130446225792777-1.0444076849734574e-05,1.0,0.0022802360748292254
pile,train,5668,P-AY1-L,3,0,1.0,0.0007809243312628089,0.00019523108281570221,0.0001481122010349937-0.0005104377399358512-5.663833909120083e-05-6.573605120076322e-05,1.0,0.00053852858821861
share,train,57771,SH-EH1-R,3,0,1.0,0.07784282058480409,0.019460705146201022,0.00017520598282821307-0.037702090979749886-0.0001913655755685137-0.03977415804665747,1.0,0.054804184424966644
rain,train,17803,R-EY1-N,3,0,1.0,0.0022087083010059448,0.0005521770752514862,0.0006418626756970039-0.0014715154118195692-2.773697557921725e-06-9.25565159314499e-05,1.0,0.0016080795078959702
lash,train,55,L-AE1-SH,3,0,1.0,0.0009357425676827831,0.00023393564192069577,0.00010148810668100865-0.00042036732090274957-0.00032378668404145787-9.010045605756698e-05,1.0,0.000547690085016148
oops,train,7765,UW1-P-S,3,0,1.0,0.020782479544726402,0.005195619886181601,0.0025836990566976636-0.0014280080936222906-0.006521303634614842-0.010249468759791604,1.0,0.012501748633043937
rod,train,19567,R-AA1-D,3,0,1.0,0.005233509449165368,0.001308377362291342,0.0014566561949748858-0.0037289578908936186-2.213379736744643e-05-2.576156592941695e-05,1.0,0.004003514429308522
gong,train,1012,G-AO1-NG,3,0,1.0,0.015375703849942154,0.0038439259624855385,0.00012451839827337695-0.0010624307341485964-0.0009653043594571504-0.01322345035806303,1.0,0.013301718527127101
rub,train,4233,R-AH1-B,3,0,1.0,0.0031131300742264496,0.0007782825185566124,0.0021361872621594737-0.0009402853306477784-3.483536446661245e-05-1.8221169525848353e-06,1.0,0.0023342342094938764
then,train,705902,DH-EH1-N,3,0,1.0,0.03507853634296339,0.008769634085740847,0.02794888196015324-0.00028751915716627085-4.332600618965776e-06-0.006837802625024908,1.0,0.028774610920020142
wit,train,55,W-IH1-T,3,0,1.0,0.0016474035593001062,0.00041185088982502655,0.0005646128895648066-0.00029561566560498573-0.0007694840282421354-1.7690975888178578e-05,1.0,0.0009992972416460574
talk,train,91549,T-AO1-K,3,0,1.0,0.14099723008984305,0.03524930752246076,6.416825802539681e-06-0.14023898407508428-0.0006828696507726636-6.895953818356372e-05,1.0,0.14024066372477437
cove,train,55,K-OW1-V,3,0,1.0,0.02814255230663485,0.007035638076658713,7.215182914746783e-05-0.027321459264237225-0.00043436759561847095-0.00031457361763168826,1.0,0.027326817853216223
jog,train,658,JH-AA1-G,3,0,1.0,0.0026793177784192146,0.0006698294446048036,0.0006103325413157359-0.0010873017518851073-0.0009604592323476882-2.1224252870682813e-05,1.0,0.0015740595022276562
chill,train,3587,CH-IH1-L,3,0,1.0,0.030926036921007927,0.007731509230251982,0.010540494531607679-0.0009914364484422474-1.9501158332834387e-06-0.01939215582512472,1.0,0.022093906004847164
song,train,59803,S-AO1-NG,3,0,1.0,0.022221598809547577,0.005555399702386894,7.4987877206370954e-06-0.0146735475835542-0.0024550792350037684-0.0050854732032689694,1.0,0.01572267492095286
nurse,train,6642,N-ER1-S,3,0,1.0,0.009130812669842482,0.0022827031674606205,0.00025228412402174846-0.005658091468991474-0.00226140486083908-0.0009590322159901786,1.0,0.006173438352056426
thick,train,11431,TH-IH1-K,3,0,1.0,0.07820584585572189,0.019551461463930473,0.0004044347790415809-3.311949192086605e-05-0.001754973913747531-0.07601331767101191,1.0,0.07603465697419401
pig,train,6377,P-IH1-G,3,0,1.0,0.0017055384816827641,0.00042638462042069103,0.0009052248769878143-1.137939308441334e-05-0.0007848572167084249-4.076994902111464e-06,1.0,0.0011981565177435294
peak,train,8421,P-IY1-K,3,0,1.0,0.00012564315171342315,3.1410787928355786e-05,2.8561143379202e-06-8.142019195527067e-05-3.6369556509470976e-05-4.997288910761294e-06,1.0,8.935951311582676e-05
pro,train,42952,P-R-OW1,3,0,1.0,0.030565480771587626,0.0076413701928969065,0.022430603902266276-0.001240237663755952-0.006296610435128107-0.0005980287704372907,1.0,0.02333827590600893
loose,train,25761,L-UW1-S,3,0,1.0,0.0010758597326512604,0.0002689649331628151,0.0002057686257337957-0.00038391153088456273-0.0003995813324072636-8.659824362563838e-05,1.0,0.0005974054635588069
lob,train,471,L-AA1-B,3,0,1.0,0.0018010940442207324,0.0004502735110551831,0.0002044319241331444-0.0015704695351564089-2.3281438580885052e-05-2.911146350294075e-06,1.0,0.001583893138003519
fan,train,37454,F-AE1-N,3,0,1.0,0.0017071572205235512,0.0004267893051308878,0.00019924823763361682-0.00026199433827999786-2.475685214960042e-05-0.0012211577924603361,1.0,0.0012649822723286815
jet,train,12300,JH-EH1-T,3,0,1.0,0.011756705389593322,0.0029391763473983305,0.00115249854646462-0.00011004414444943541-0.001789735724396498-0.008704426974282769,1.0,0.00896161623409155
men,train,98323,M-EH1-N,3,0,1.0,0.17683731442047448,0.04420932860511862,0.0011228935519495553-0.00031781201741015643-0.1751724174943011-0.000224191356813675,1.0,0.17517644820856942
guess,train,98365,G-EH1-S,3,0,1.0,0.027016358250037516,0.006754089562509379,2.5513586401863964e-05-0.00901837733277601-0.00012416976183605573-0.017848297569023584,1.0,0.019997722992920637
nose,train,13921,N-OW1-Z,3,0,1.0,0.007084586304820484,0.001771146576205121,0.0021402122818219467-0.0038862382068921525-0.0010050088347571895-5.3126981349194824e-05,1.0,0.004549309974716728
both,train,260269,B-OW1-TH,3,0,1.0,0.33062488529620104,0.08265622132405026,0.0014709080426159272-0.0024055740357514952-0.32396119712954835-0.0027872060882852528,1.0,0.32398545664936873
lien,train,762,L-IY1-N,3,0,1.0,0.002010228674803225,0.0005025571687008063,4.421314074098814e-05-0.0017179219208205043-4.202811207458739e-06-0.00024389080203427428,1.0,0.0017357162541120485
elk,train,1186,EH1-L-K,3,0,1.0,0.0035553530533054493,0.0008888382633263623,0.0010997769067192143-0.0008955197126460681-0.0015465127196426251-1.3543714297541775e-05,1.0,0.0020984160275083637
bum,train,1700,B-AH1-M,3,0,1.0,0.0008448685148117712,0.0002112171287029428,0.0006388366578452447-3.153375090340309e-05-0.00012271316123607632-5.1784944827046995e-05,1.0,0.0006533351768458604
nip,train,738,N-IH1-P,3,0,1.0,0.0005747496822742333,0.0001436874205685583,0.0001753444721199962-2.183726423414725e-06-2.8924780027908326e-05-0.00036829670370291397,1.0,0.0004089371069274923
