index,word,freq,freq_scaled
1,aft,936,0.39307013304203064
2,and,10715413,0.93
3,angst,2002,0.4367507389174434
4,ant,2775,0.45550931972670733
5,apt,3780,0.47326645162077574
6,arc,7837,0.5151571500857939
7,arch,3723,0.4723935010683492
8,arm,20429,0.5702026639746253
9,art,62515,0.6344608368561987
10,ask,138495,0.680160404647705
11,aunt,2847,0.4569809773356583
13,babe,3165,0.4630644987681122
14,back,393092,0.7400957344788769
15,bad,153582,0.6861010498197239
16,bade,137,0.28266680051349247
17,badge,2041,0.4378591879190593
18,bag,16429,0.5576832687123701
19,bail,2585,0.4514344644064732
20,bait,4291,0.4805512282532514
21,bake,2530,0.450198872172958
22,bald,2766,0.45532268342462373
23,bale,559,0.363455155234343
24,ball,38504,0.6066166474469002
25,ban,11742,0.5383862491110767
26,band,49181,0.6206779526477317
27,bang,6791,0.5069265789921513
28,bank,39508,0.6080955435341936
29,bar,31563,0.5951963712865121
30,bard,1204,0.40753613084474316
32,barge,3043,0.460806075080669
33,bark,2443,0.44818845361161375
34,barn,2577,0.45125638499395176
35,barre,2,0.03982326329463344
36,base,59145,0.631277118926356
37,bash,4674,0.4854631821919513
38,bass,17077,0.559905800373619
39,bat,6471,0.5041534719112928
40,batch,10265,0.5306627448550221
41,bath,5623,0.49608334214893407
42,bathe,672,0.37403272967409157
43,beach,26668,0.5855143521491287
44,bead,1826,0.4314639932816053
45,beak,584,0.36596880303976753
46,beam,7880,0.5154715202093575
47,bean,3577,0.4700950816010374
48,bear,23531,0.5783243814325943
49,beard,3175,0.4632457381123129
51,beat,33106,0.5979385363609141
52,beck,2085,0.4390845975702938
53,bed,31347,0.5948018439029267
54,beech,511,0.3582970473784523
55,beef,5287,0.49254342359555825
56,beek,2,0.03982326329463344
57,been,735349,0.7760785266490605
58,beep,2305,0.44484779502555716
59,beer,24710,0.5811332109084503
60,beet,422,0.3473026292105003
61,beg,4585,0.4843586441492481
62,beige,1331,0.4132975685963191
63,belch,285,0.32475146867662674
64,bell,24817,0.5813814577952962
65,belle,2290,0.4444726936422119
66,belt,10822,0.5336986123534975
67,bench,5362,0.49335270767527784
68,bend,6893,0.50778309706186
69,bent,8477,0.5196672258520615
70,berth,395,0.3435038743602042
71,best,269710,0.7184534638563863
72,bet,29911,0.5921077509477531
73,bib,783,0.3828157931843084
74,bid,121987,0.6728685069768562
75,bide,246,0.31629684636756983
77,bike,22529,0.575824302668317
78,bile,1618,0.4245158231439499
79,bill,116921,0.6704315886283312
80,bin,15833,0.5555602893850544
81,bind,6802,0.5070195652655412
82,bing,659,0.3729103998927871
83,binge,293,0.3263419598491593
84,birch,1375,0.4151661178204911
85,bird,19072,0.5662536918211281
86,birth,23369,0.5779274776125538
87,bit,159208,0.6881680241712385
88,bitch,9408,0.5256540271913102
89,bite,8164,0.5175057145083262
90,black,160758,0.6887246619047754
92,blame,17328,0.5607441038056359
93,blanch,94,0.2610251176284276
94,bland,1680,0.42667622025336416
95,blank,15242,0.5533746923466998
96,blast,18945,0.5658698353437759
97,blaze,4593,0.4844588016371846
98,bleak,725,0.37839416399710274
99,bleed,2528,0.45015343695946536
100,bleep,130,0.2796536023699913
101,blend,3257,0.4647107215904975
102,bless,3929,0.4754876313000868
103,blew,5339,0.49310573692533555
104,blight,1973,0.4359124186805319
105,blimp,319,0.33122651244806367
106,blind,13561,0.5466609420506618
108,bliss,2220,0.44268909244206817
110,blitz,1458,0.4185335371646689
111,bloat,566,0.364170132943734
112,blob,1172,0.40598848643842617
113,bloc,2,0.03982326329463344
114,block,33259,0.5982034439994895
115,bloke,888,0.3900456018627956
116,blond,3230,0.4642324619270637
117,blood,51803,0.6236620921421608
119,blot,531,0.36050280097976045
120,blouse,1687,0.4269151096805681
121,blow,16922,0.5593819467609478
122,blue,89007,0.6547594075366334
123,bluff,1103,0.4025023667772907
124,blunt,1715,0.42786085654166134
125,blur,1630,0.42494035333516933
126,blush,1256,0.4099653926015077
127,boar,416,0.34647990167461906
128,board,79619,0.6483555858500015
129,boast,960,0.39452471262004596
130,boat,15859,0.5556545575771076
131,bob,63944,0.6357593380455129
132,bog,6277,0.5024046943010599
133,boil,3839,0.4741562755878017
136,bomb,15379,0.5538887898269408
137,bond,12957,0.544043285456003
138,bone,16065,0.5563960339656516
139,bong,1337,0.41355597753779844
140,book,190907,0.6986000135961825
141,boom,4286,0.4804842434905426
142,boon,2286,0.44437225161581273
143,boost,4760,0.48651068691453425
145,booth,4466,0.4828478099652822
146,booze,964,0.39476360204724986
147,bop,893,0.3903681901581756
148,bore,3600,0.47046331888302434
149,born,35183,0.6014344532038408
150,borne,6013,0.49993604023819765
151,boss,10004,0.5291830452089442
152,both,296625,0.7239184573594224
153,bought,57149,0.6293047540560637
154,bounce,4234,0.47978293269979133
155,bound,12727,0.5430142788474597
156,bout,5610,0.4959503612797945
158,box,171532,0.6924516099392845
159,brace,1420,0.4170162791986215
160,brad,2,0.03982326329463344
161,brag,1167,0.40574285620336914
162,braid,503,0.35739047512502525
164,brain,54115,0.6261706748736966
165,brake,6156,0.5012863783270053
166,bran,596,0.36713737534796087
167,branch,13546,0.5465973575555152
168,brand,25021,0.5818517993679702
169,brash,248,0.3167620539657384
170,brass,12057,0.5399072118949259
171,brat,1082,0.40139797642058667
173,brawl,1092,0.4019265249916431
174,brawn,271,0.32185754926030447
175,breach,2606,0.4518993135282975
176,bread,9065,0.5235202553196323
177,breadth,1092,0.4019265249916431
178,break,47768,0.6190031217597513
179,breast,7547,0.512990835336084
180,breath,14434,0.5502453380808253
181,breathe,3119,0.46222335391376346
182,breed,15243,0.5533784615987573
183,breeze,2122,0.44009520337805585
184,brew,2990,0.45979660117563687
185,bribe,1125,0.40363701957839665
187,bride,3678,0.47169483630363906
188,bridge,19358,0.5671088472288883
189,brief,19497,0.5675199128147195
190,brig,746,0.3800346688070893
191,bright,13728,0.5473641368517314
192,brim,397,0.34379404075712994
193,bring,56512,0.6286607718219198
194,brink,1293,0.41163342227802946
195,brisk,350,0.3365548052650306
196,broach,233,0.31317755543657566
197,broad,12610,0.5424836692060419
198,broil,115,0.27260975267955156
199,broke,14087,0.5488472725258555
201,brooch,68,0.24242263552340965
202,brood,697,0.3761313130287399
203,brook,2793,0.45588078324789094
205,broth,770,0.3818539075898976
206,brought,39794,0.6085099486951611
207,brow,806,0.38447911257792333
208,brown,42131,0.6117886472125929
210,brunt,539,0.3613619246439433
211,brush,5703,0.4968949795138027
212,brute,2818,0.4563927526352729
213,buck,6800,0.5070026698604886
214,bud,5261,0.4922601895300542
215,budge,511,0.3582970473784523
216,buff,1702,0.42742369510083494
217,bug,32228,0.5963942679290297
218,build,47710,0.6189333200414708
220,bulge,1266,0.41042100818883953
221,bulk,7030,0.5089137859934769
222,bull,8307,0.5185033418935788
223,bum,1700,0.4273561432712217
224,bump,2684,0.45359369731312005
225,bun,888,0.3900456018627956
226,bunch,30312,0.5928728713537702
227,bunk,1073,0.4009180892498467
228,bunt,188,0.30084838092306104
229,burl,2,0.03982326329463344
230,burn,12498,0.5419711027714078
231,burst,6355,0.5031142220503412
233,bush,10891,0.5340637630220071
234,buss,2,0.03982326329463344
235,bust,3080,0.4615004341791645
236,but,2128966,0.8371535493717843
237,butt,10346,0.5311143195229053
238,butte,358,0.33785322944115975
239,buzz,3748,0.47277800808823955
240,cab,3389,0.46699322844766994
241,cache,28691,0.5897152532636096
242,cad,8112,0.5171386025597767
244,cake,6252,0.502175414627036
245,calf,1480,0.4193939767583624
246,call,241964,0.7122164798608694
247,calm,6302,0.5026330626137714
248,cam,3833,0.474066411923286
249,camp,15940,0.5559472516144663
250,can,1625075,0.8216365499364195
253,cap,13883,0.5480091900073043
254,cape,5460,0.4943932788655492
255,car,86255,0.6529549870762268
256,card,222824,0.7074819803190221
257,care,104471,0.6639630341754017
258,cart,5927,0.4991083972985151
259,carve,863,0.38840491857218234
260,case,199508,0.7011318410627595
261,cash,39510,0.6080984518753046
263,cast,24387,0.5803772571827991
264,caste,1618,0.4245158231439499
265,cat,38651,0.6068355723491315
266,catch,22589,0.5759771095968212
267,caught,22731,0.5763371417138685
268,cause,79707,0.6484190513115988
269,cave,7509,0.5127008231196204
270,cease,3894,0.4749735414948277
271,cell,16079,0.5564460799831603
272,cent,6307,0.5026786275495146
273,chafe,80,0.2517598070524398
274,chain,23317,0.5777994928587625
276,chaise,77,0.24956389042135815
277,chalk,1664,0.42612642826388597
278,champ,2538,0.4503802545634453
279,chance,58967,0.6311039509079103
280,change,157121,0.6874099160974996
281,chant,5190,0.49147955355377
283,char,19945,0.5688251190589111
284,charge,45283,0.6159337463734684
285,charm,3831,0.47403642610607755
286,chart,10663,0.5328482361968282
287,chase,9068,0.5235392657950058
288,chat,12000,0.5396349570732245
289,cheap,34328,0.6000210181371518
290,cheat,6139,0.5011275009559832
291,check,170583,0.692132869923417
292,cheek,3557,0.46977294549235044
293,cheer,1906,0.43392751426675175
295,chef,1420,0.4170162791986215
296,chess,11303,0.5361970678117356
297,chest,13014,0.5442954756876341
298,chic,534,0.36082647972020754
299,chick,3180,0.4633361438342989
300,chide,71,0.24490299873544855
301,chief,19009,0.5660635953822963
302,child,64731,0.6364621309216659
303,chill,3587,0.4702554748500096
304,chime,1079,0.40123845898965066
306,chip,35546,0.6020241846688892
307,choice,65534,0.6371704593663218
308,choir,2133,0.4403922574213159
309,choke,2961,0.45923664651305773
310,chomp,219,0.30961739213420647
311,choose,49682,0.6212602556621868
312,chop,2333,0.4455414986172027
313,chord,4239,0.47985073965262515
314,chore,583,0.36587034059155976
315,christ,2,0.03982326329463344
316,chrome,2813,0.45629072308534113
317,chuck,12547,0.5421959134714197
318,chum,303,0.32827008792731566
319,chump,288,0.3253530744298457
320,chunk,4239,0.47985073965262515
321,church,49076,0.620555161419313
322,churn,341,0.3350581202806111
323,chute,1115,0.403124044523512
324,cinch,153,0.28901286689082123
325,cite,6153,0.5012583730500837
326,clad,878,0.38939494004472014
327,claim,56599,0.6287491522042757
328,clam,770,0.3818539075898976
329,clamp,1612,0.4243023758725568
330,clan,4151,0.4786454872170424
331,clang,277,0.32311569058334627
332,clap,934,0.3929472392529967
333,clash,4181,0.4790592155373359
335,clause,6675,0.5059367241733861
336,claw,2196,0.4420645990710255
337,clay,10799,0.5335763779090965
338,clean,36259,0.6031651974186422
339,clear,77304,0.6466603220757138
340,cleat,359,0.3380134884696658
341,cleft,387,0.3423283279895697
343,clerk,2717,0.45429577722460635
344,click,20059,0.5691525682999321
345,cliff,5134,0.49085626999604137
346,climb,6146,0.5011929742673052
347,clinch,340,0.3348893893973157
348,cling,1222,0.4083887028298795
349,clip,7283,0.5109450972140775
350,cloak,3971,0.47609852784753587
351,clock,24498,0.5806381664382281
352,clog,838,0.3867160014124296
353,close,84929,0.6520649042532944
354,clot,273,0.3222799984023762
355,cloth,11193,0.5356352024969734
356,clothe,216,0.3088249268189181
357,cloud,6303,0.5026421784923255
358,clout,790,0.38332713765483767
359,clown,2763,0.4552603363490889
360,club,63266,0.635146911603662
361,cluck,132,0.28053076176637914
362,clue,17915,0.5626581251474275
363,clump,456,0.351754504686621
364,clung,480,0.3547014493254125
365,clutch,2714,0.4542323051233609
366,coach,8819,0.521939592570047
367,coal,4840,0.4874682561553524
368,coarse,1298,0.4118551625164884
369,coast,22190,0.5749532241294456
370,coat,10297,0.5308415690809933
371,coax,2088,0.4391672040898695
372,cock,23325,0.5778192013875668
373,cod,11377,0.5365719817533176
375,coil,3386,0.4669423477141889
376,coin,6377,0.5033127711229511
377,coke,2,0.03982326329463344
378,cold,34856,0.6008979746673365
379,cole,3946,0.47573568197516525
381,comb,1616,0.4244447621275102
382,come,232043,0.7098111452359466
385,cool,49550,0.6211074062325115
386,coop,853,0.3877352976532658
387,cop,11147,0.535398601453056
388,cope,3791,0.47343339958374864
389,cord,4637,0.48500656835999234
391,cork,1396,0.41603694597829555
392,corn,4990,0.4892217846715035
394,corpse,1987,0.4363186524651978
395,cost,99511,0.6611684523746431
396,cot,544,0.3618924254073099
397,couch,4973,0.489025719437371
398,cough,2217,0.44261140098402607
399,could,544758,0.7588424749436796
400,count,34404,0.6001480744264804
401,coupe,1128,0.40379002319603374
402,course,195949,0.7000976951353353
403,court,57769,0.6299246934352366
404,cove,1147,0.40474969708239406
405,cowl,336,0.3342094663794581
406,cox,2,0.03982326329463344
407,crab,982,0.3958264800895198
408,crack,9521,0.5263399848527809
409,craft,6910,0.5079246168053632
410,cram,1275,0.4108279956602941
411,cramp,385,0.3420306442952642
412,crane,1826,0.4314639932816053
413,crank,3336,0.466087633580288
414,crap,21330,0.5726822745898554
415,crash,19108,0.5663620366243638
416,crass,645,0.3716767028851365
417,crate,2140,0.44058049525470483
418,crave,696,0.37604882511153026
419,crawl,3133,0.46248066065943483
420,craze,695,0.3759662185919545
421,creak,218,0.3093544496868358
422,cream,9870,0.528408284703258
423,crease,1735,0.4285269837077376
424,creche,2,0.03982326329463344
425,creed,2425,0.4477635745838626
426,creek,8467,0.5195994108955723
427,creep,1795,0.4304802423435718
428,crepe,138,0.2830846410786182
429,crept,654,0.37247282866517506
430,crest,1291,0.4115444859994848
431,crew,15255,0.5534236733457036
432,crib,1282,0.4111425602093307
433,crime,33498,0.5986148250895509
434,crisp,2039,0.4378028616160504
436,crone,212,0.3077510109820536
437,crook,1173,0.4060374867181275
438,croon,67,0.24157146700032966
439,crop,4788,0.48684765459291196
440,cross,29755,0.5918073231986323
441,crouch,1270,0.4106022475330403
442,crow,4669,0.4854016892775213
443,crowd,12990,0.544189425220112
444,crown,8964,0.5228765373124835
445,crude,3353,0.46637966530964375
446,cruise,7518,0.512769642642084
447,crumb,342,0.33522635707569337
448,crunch,1773,0.42977173440822963
449,crush,3573,0.4700307987138084
450,crust,1477,0.419277400138452
451,crutch,594,0.3669442564284242
452,crux,847,0.3873297466201312
453,cry,13254,0.5453453509405609
454,crypt,3858,0.47443992009399893
455,cub,1318,0.41273366318742055
456,cube,5030,0.48968049229356475
457,cue,2812,0.45627029541420433
458,cuff,837,0.3866474010168558
459,cull,347,0.3360602298338316
460,cult,10849,0.5338417739116404
461,cup,27794,0.5878903611212779
462,curb,2044,0.4379435739677192
463,curd,150,0.2878751500207848
464,cure,8517,0.5199376880413913
466,curse,7689,0.514061790613688
467,curt,2745,0.4548848263556647
468,curve,7960,0.5160518567039962
469,cusp,156,0.290128490769058
470,cut,99106,0.6609341478975969
471,cute,11010,0.5346881138183582
472,cyst,308,0.329210417010625
473,czar,453,0.3513752767456044
474,dad,11825,0.5387909339794763
475,dale,9907,0.5286232573467753
476,dam,3373,0.4667213423468073
477,dame,2949,0.4590033352301257
478,damn,30473,0.5931772203336245
479,damp,1714,0.4278273465818504
481,dang,2,0.03982326329463344
482,dank,596,0.36713737534796087
483,dare,8887,0.5223808905788196
485,darn,4518,0.4835128990649315
486,dash,3426,0.46761708036023186
487,date,136276,0.6792324276112975
488,daunt,14,0.15162129751721853
489,dawn,8285,0.5183509837837658
490,dead,72866,0.6432635064005572
491,deaf,6121,0.5009587975981571
493,dealt,8202,0.5177725129017154
494,dean,14490,0.5504678081534485
495,dear,29556,0.5914217908362918
496,dearth,379,0.3411282253581454
498,debt,14194,0.5492820153956928
499,deck,28757,0.5898472644070133
500,deed,1983,0.4362028784724347
501,deem,1105,0.40260644800950063
502,deep,42697,0.6125553464447341
503,deer,4913,0.4883283268024282
504,deft,201,0.30468984597866894
505,dell,6062,0.5004023265904518
506,den,18871,0.5656449826656892
507,dense,3023,0.46042722224419325
508,dent,2467,0.44875011502458717
509,depth,12606,0.542465441786959
511,dial,12972,0.5441097587070458
512,dice,14896,0.5520554574480855
513,dick,2,0.03982326329463344
514,did,382595,0.7385406765329501
515,dig,8931,0.5226646406534635
516,dike,183,0.2992996935034194
517,dill,493,0.3562367651834334
518,dim,4291,0.4805512282532514
519,dime,2559,0.450853676631605
520,din,3777,0.4732208360372226
521,dine,572,0.36477596798949175
522,dint,2,0.03982326329463344
523,dip,5049,0.48989710206793347
524,dire,4071,0.4775274208070667
525,dirge,115,0.27260975267955156
526,dirt,7644,0.5137245592142282
527,disc,16846,0.5591233337526488
528,dish,7239,0.5105969451672214
529,disk,108082,0.6659153200671802
530,ditch,1737,0.42859317360499777
531,dive,8179,0.5176111777169169
532,dock,2545,0.45053849576962696
533,dodge,6589,0.505191698217017
535,dole,6480,0.5042333229657968
536,doll,5687,0.49673356673134017
537,dome,2235,0.44307598161093925
539,doom,33767,0.599074347639803
540,door,53815,0.6258512846813726
541,dope,1902,0.43380681501129376
542,dorm,1652,0.4257106038349339
543,dose,5094,0.49040689090041256
544,dost,2,0.03982326329463344
545,dot,7963,0.5160735056992158
546,doubt,48654,0.6200589935565807
547,dour,108,0.2690016635242846
548,douse,93,0.2604106430601773
549,dove,2715,0.45425347028273344
550,down,293733,0.7233555619723274
551,drab,344,0.3355613599167915
552,draft,14143,0.5490752117671143
553,drag,11910,0.5392024369040087
554,drain,14862,0.5519241719529657
555,drake,6541,0.504771629997705
556,dram,7097,0.5094587521010593
557,drank,2226,0.44284416088834455
558,drape,199,0.3041153129461899
560,draw,26594,0.5853547069331714
561,drawl,118,0.2740893063177154
562,drawn,11972,0.5395007438397312
563,dread,2494,0.4493754895768153
564,dream,32425,0.596744390628608
565,dreamt,800,0.3840498242209793
566,dress,12386,0.541453922270503
567,drew,9789,0.5279348419934107
569,drill,5864,0.49849444387882585
570,drink,19874,0.5686202342119702
571,drip,1350,0.4141119079774633
573,drone,870,0.3888690523961694
574,droop,120,0.2750549227361456
575,drop,47324,0.6184666047143464
576,dross,2,0.03982326329463344
578,drove,6723,0.5063483897015558
579,drown,1417,0.41689477159365423
581,drum,8302,0.5184687505116758
582,drunk,7267,0.5108187404357949
583,dry,19384,0.5671859611445562
585,duct,1103,0.4025023667772907
586,dud,411,0.3457851794918317
588,dug,2870,0.45744325548572173
589,duke,12037,0.5398118307416713
591,dumb,12451,0.5417546383083609
592,dump,10074,0.5295836542344854
593,dun,1104,0.4025544309625185
594,dune,2293,0.4445479100934533
595,dung,1177,0.4062330709903049
596,dunk,1070,0.4007572319600714
597,dusk,797,0.3838339711512935
598,dust,18647,0.564958934070317
599,dwarf,4770,0.48663125951800473
600,dwell,1489,0.4197422940396033
601,dwelt,172,0.29573809662215805
602,dyke,2,0.03982326329463344
603,east,49100,0.6205832511319653
604,eighth,2414,0.44750237096422474
605,elk,1186,0.4066707162890908
606,elm,4552,0.483943638906558
607,else,176436,0.6940711111981398
608,end,227506,0.7086766767282738
609,face,77708,0.6469597955827803
610,fact,184512,0.696642486909816
611,fad,1100,0.40234589053585196
612,fade,3507,0.4689596133298337
613,fail,18680,0.5650605197161696
614,faint,2515,0.4498572289989313
615,fair,45323,0.6159844739881514
617,fake,7855,0.5152889562665212
618,fall,46061,0.616912450576067
619,false,2,0.03982326329463344
620,fame,6091,0.5006765198056187
621,fan,37454,0.605028156212124
622,fang,919,0.39201705987706803
623,far,176814,0.6941940676082605
624,farce,2076,0.43883606297449734
625,fare,5311,0.49280363687057405
626,farm,10866,0.5339317299987211
627,fast,77005,0.6464376725087426
628,fat,29358,0.5910356109104726
629,fate,8497,0.5198026160984499
630,fault,19970,0.5688970880329559
631,fawn,390,0.3427719813483306
632,faze,102,0.26571775120711544
633,fear,34539,0.6003730759847599
634,feast,1913,0.43413812972716403
635,feat,1609,0.4241953541257447
637,feel,162050,0.6891845603309282
638,feet,40145,0.6090144851788852
639,feint,1262,0.4102391953014546
640,fell,16829,0.5590653264416517
642,fen,2,0.03982326329463344
643,fence,5279,0.492456423276882
644,fern,571,0.3646754380872591
645,fetch,3204,0.46376812199318024
646,fete,2,0.03982326329463344
647,feud,820,0.38546848455777005
648,few,264495,0.7173316997472758
649,fiend,1084,0.4015040758495714
650,fierce,2399,0.4471442595338471
651,fife,545,0.36199794026610843
652,fifth,8865,0.5222384882821357
653,fig,1889,0.4334127819615971
654,fight,40283,0.6092116428244087
655,file,311712,0.7267687477008625
656,fill,26445,0.5850319069797336
657,film,52693,0.6246407755412343
658,filth,1034,0.39879097382720063
659,fin,3679,0.4717104548505524
660,find,378727,0.7379568777272458
661,fine,111803,0.667859994513291
662,fink,821,0.38553850629034636
663,fire,62709,0.6346388515636617
664,firm,34532,0.6003614308725522
665,first,518926,0.7560513955745994
666,fish,30616,0.5934461973640263
667,fist,6038,0.5001744142606264
668,fit,42664,0.6125109246759669
669,five,62708,0.634637935374876
670,fix,35997,0.6027485481166914
671,flag,15313,0.5536416966261277
672,flail,218,0.3093544496868358
673,flair,5011,0.48946306276110046
674,flake,636,0.37086938996039287
675,flame,34639,0.6005391775328969
676,flange,468,0.3532468697473973
677,flank,663,0.3732580731139339
678,flare,4588,0.48439622367166096
679,flask,811,0.38483441874723323
680,flat,26258,0.5846241987558386
681,flaw,3800,0.4735696334560939
682,flax,344,0.3355613599167915
683,flay,61,0.23618131452508015
684,flea,3445,0.46793482346814463
685,fleck,337,0.3343802029819831
686,flee,1508,0.42047076804000943
687,fleet,7734,0.5143970541081544
688,flesh,11268,0.5360188878048165
689,flew,4965,0.4889332214106016
690,flex,2764,0.45528112622609057
691,flick,2254,0.44356233054544913
692,flight,30147,0.59255927901607
693,fling,768,0.3817044853354068
694,flint,1670,0.4263332172974488
695,flip,5996,0.49977337912264147
696,flirt,469,0.3533695012229148
697,float,5606,0.495909382087995
698,flock,1862,0.4325856675641851
700,flog,278,0.3233227280126819
701,flood,9583,0.5267129002236971
702,floor,35637,0.60217107957005
703,flop,1547,0.4219377283581797
704,flour,4627,0.4848825337166806
705,flow,21065,0.5719640202307383
706,flown,2273,0.44404459697996634
707,flu,1524,0.42107713593210694
708,fluff,1424,0.4171778906257686
709,fluke,1184,0.4065737494737232
710,flung,788,0.38318150304081805
711,flush,4225,0.4796606781507158
712,flute,3493,0.46872980172554907
713,flux,5582,0.4956628912223782
714,fly,29395,0.5911079733357549
715,foal,265,0.32057123826669276
716,foam,3661,0.4714286693155404
717,fog,4789,0.4868596526767954
718,foil,5407,0.49383286222056816
719,foist,2,0.03982326329463344
720,fold,4908,0.48826982682337206
721,folk,11994,0.5396062234769932
722,fond,4115,0.47814504812729436
723,font,19612,0.5678577938066445
724,food,59726,0.6318387421452474
725,fool,13692,0.5472132759568211
726,foot,24214,0.5799682375900863
727,for,4958038,0.8857226551397748
729,ford,16673,0.5585302714959789
730,fore,1704,0.42749116759768807
731,forge,3721,0.4723626290501603
732,fork,11255,0.5359525656629159
733,form,118270,0.6710906675059736
734,fort,8422,0.5192932491075215
735,forth,22413,0.5755277185181603
736,fought,8256,0.5181495287790311
737,foul,4074,0.4775697433316083
738,found,199983,0.701268465439691
739,four,85202,0.6522492872821559
740,fourth,15703,0.5550866142526564
741,fowl,419,0.3468927381177962
742,fox,13961,0.5483310785312762
743,frail,431,0.3485150432996902
744,frame,31449,0.5949884861492306
745,frank,34025,0.5995116529347282
746,fraud,7667,0.5138971692275129
747,fray,817,0.38525790585727265
748,freak,4225,0.4796606781507158
749,free,244069,0.7127141372284723
750,freeze,5682,0.4966830320948979
751,freight,2664,0.4531639808411348
752,french,2,0.03982326329463344
753,fresh,15599,0.5547048421147278
754,fret,1922,0.4344077914583096
755,friend,81055,0.6493825653575398
756,frieze,39,0.2104819641797911
757,fright,604,0.36790342435653206
758,frill,2,0.03982326329463344
759,fringe,2337,0.44563991889731785
760,frock,83,0.25387487378819884
761,frog,3128,0.4623888976236885
762,from,1894945,0.8304633632172462
763,front,77891,0.6470949361906907
764,frost,6052,0.5003074729706444
765,froth,409,0.34550492125576604
766,frown,806,0.38447911257792333
767,froze,1331,0.4132975685963191
768,fruit,10730,0.5332081064183861
769,fry,4054,0.47728700248308076
770,fuck,2,0.03982326329463344
771,fuel,16554,0.5581187438020456
772,full,155607,0.6868536227318726
773,fun,75698,0.6454541597377867
774,fund,17737,0.5620844301104196
775,funk,2553,0.45071881078454074
776,fuse,2294,0.4445729603770275
777,fuss,1988,0.43634755954730053
778,fuzz,728,0.3786314093079373
779,gab,364,0.33880814601330383
781,gage,691,0.3756345996368237
782,gain,23907,0.5792351582104575
783,gait,657,0.3727357711125457
784,gal,3235,0.4643213294226896
785,gale,926,0.392453018360531
787,game,197273,0.7004845902076211
788,gang,7823,0.5150544247017803
789,gap,6723,0.5063483897015558
790,garb,489,0.3557687151449691
791,gas,25775,0.5835575483114188
792,gash,262,0.3199171193473903
793,gasp,2666,0.45320709740936266
794,gate,16640,0.5584164454324254
795,gauche,2,0.03982326329463344
796,gauge,4938,0.48861993652636104
797,gaunt,342,0.33522635707569337
798,gauze,306,0.32883613018545466
799,gave,52248,0.6241535177462402
800,gaze,2490,0.44928326993507756
802,geese,642,0.3714088570645046
803,gel,2478,0.4490057195186397
804,gem,3225,0.46414345675904245
805,gene,25572,0.5831032672772143
806,germ,647,0.37185457554878354
807,get,978900,0.7925148763304897
808,ghost,10851,0.5338523642940608
811,gift,11724,0.5382981087340855
812,gig,6864,0.5075408735570979
813,gill,1750,0.4290215591389367
814,gilt,376,0.34067164421769447
815,gin,1094,0.4020316537025265
816,gird,148,0.2871039595898229
817,girl,40342,0.6092957288336771
818,girth,239,0.31463829915004743
820,give,230880,0.7095224675274203
821,glad,25588,0.5831392033687485
822,glance,3359,0.4664823819480895
824,glare,910,0.3914516365925765
825,glass,20770,0.5711537482507073
826,glaze,506,0.35773211829905194
827,gleam,453,0.3513752767456044
828,glean,304,0.3284593890029152
829,glee,635,0.37077898423840683
830,glen,6173,0.5014448175572639
831,glib,345,0.3357281316578908
832,glide,1430,0.4174194585687644
833,glimpse,1686,0.42688104337392685
834,glint,814,0.3850465524939624
835,glitch,2,0.03982326329463344
836,gloat,315,0.33050154605316967
837,globe,5454,0.4943301091786276
838,gloom,3146,0.46271856089363134
839,gloss,897,0.3906249629854366
840,glove,2357,0.4461295070706315
841,glow,2586,0.4514566855726629
842,glue,5285,0.49252168586375633
843,glum,71,0.24490299873544855
844,gnome,578,0.36537548116291896
845,goad,190,0.30145635299292095
846,goal,26032,0.5841275676913849
847,goat,2564,0.45096582350396414
848,gob,419,0.3468927381177962
849,god,129946,0.6764997838982618
850,gold,53069,0.625049284325324
851,golf,10450,0.5316889630656
852,gone,51802,0.623660983067802
853,gong,1012,0.3975553815936854
854,good,628818,0.7670869671650914
855,goon,635,0.37077898423840683
856,goose,1792,0.43038414057965263
857,gore,5184,0.4914130956811576
858,gorge,834,0.38644110699102113
859,gosh,3148,0.4627550736527041
860,got,301023,0.7247640456763086
861,gouge,306,0.32883613018545466
862,gourd,187,0.3005419651329158
863,gout,285,0.32475146867662674
864,gown,1303,0.41207605023366406
865,grab,10232,0.5304777475534111
866,grace,11821,0.5387714963325119
867,grad,6392,0.5034477531518372
868,grade,14836,0.5518235743492356
869,graft,522,0.3595206775006026
870,grail,1599,0.4238371682743883
871,grain,6579,0.5051044369237124
872,gram,1640,0.4252917478524035
873,grand,22148,0.5748443775712171
874,grant,22316,0.5752785319631455
876,graph,4547,0.483880496989589
877,grasp,5767,0.4975361336421654
879,grate,736,0.3792593152788127
880,grave,7529,0.5128536435966559
881,gray,12667,0.5427427835428341
882,graze,265,0.32057123826669276
883,grease,2967,0.4593529478168759
884,great,260269,0.716406328017935
885,greed,4309,0.4807917287998866
886,green,90775,0.6558894413369498
887,greet,923,0.3922665839369004
888,grew,10674,0.5329074742457692
889,grey,12687,0.5428334246036276
891,grief,3905,0.4751356088081276
893,grille,364,0.33880814601330383
894,grim,1848,0.4321520592835977
895,grime,309,0.32939664999206186
896,grin,8805,0.5218483147997648
897,grind,3062,0.4611636859534787
898,grip,7902,0.5156316980013986
899,gripe,1431,0.41745962132780445
900,grist,267,0.32100321642557406
901,grit,1079,0.40123845898965066
902,groan,1016,0.39778202024840115
903,groat,95,0.26163308969828747
904,groin,1299,0.41189940805157255
905,groom,1694,0.42715300991476457
906,groove,2245,0.44333246786043173
907,grope,172,0.29573809662215805
908,gross,8316,0.5185655539456427
909,grouch,243,0.3155918948916962
910,ground,48769,0.620194630477687
911,group,284245,0.7214691186401753
912,grouse,191,0.30175794331521333
913,grove,3902,0.47509145395174607
914,grow,24805,0.5813536703660492
915,growl,618,0.3692199132866953
916,grown,10657,0.5328158987713212
917,growth,36596,0.6036967117947827
918,grub,186,0.3002339063548108
919,grudge,735,0.3791812012974155
921,grunt,1110,0.40286582914743474
923,guess,98365,0.6605029682028419
924,guest,14824,0.5517770852102454
925,guide,53204,0.6251952505721616
926,guild,3652,0.47128725657623877
927,guile,422,0.3473026292105003
928,guilt,5018,0.4895432641444046
929,guise,1141,0.40444837038921494
931,gull,283,0.3243468696491006
932,gulp,681,0.37479708007594037
933,gum,2609,0.45196541458003836
934,gun,47276,0.6184083016316596
935,gush,445,0.35035159132114085
937,gut,3728,0.4724706086151095
939,gyp,20,0.17211328046317292
940,hack,9827,0.5281574368201591
941,had,753479,0.7774778436941506
942,hag,4028,0.4769173468064351
943,hail,3228,0.46419687640442264
945,hale,1884,0.43326050828521356
946,half,71928,0.6425191177761526
947,hall,33445,0.5985238521623447
949,ham,6780,0.5068334419782922
950,hand,124850,0.6742013283388197
951,hang,17805,0.5623042712465767
952,hank,2,0.03982326329463344
953,hard,176372,0.6940502671084013
954,hare,1948,0.43517977900929794
955,hark,653,0.37238491307882765
956,harm,12381,0.5414307249412957
957,harp,1669,0.4262988041041664
958,harsh,4912,0.4883166315709442
959,hart,2,0.03982326329463344
960,has,1175964,0.8030525300261752
961,hash,3630,0.4709401085444248
962,haste,778,0.3824477405196633
963,hat,11750,0.5384253792501458
964,hatch,2611,0.452009439735041
966,hath,2089,0.43919471322348924
967,haul,1936,0.4348247655760798
968,haunt,956,0.3942848257393143
969,have,3003875,0.8569326440018511
970,hawk,3599,0.4704473575481621
971,haze,939,0.3932539822372104
972,head,109091,0.6664491830888644
973,heal,4321,0.48095150500798467
974,health,60952,0.6330061394543927
975,heap,4317,0.4808982956275042
977,heard,133759,0.678161359436175
978,hearse,162,0.2922967792079904
979,heart,45785,0.616567154596192
980,hearth,421,0.3471663235131913
981,heat,28374,0.5890769379144956
982,heave,300,0.3276984133154182
984,hedge,797,0.3838339711512935
985,heed,1059,0.40016353849566494
986,heel,4379,0.4817175540165558
988,held,58946,0.631083486509132
989,hell,62008,0.633992991671529
990,helm,4961,0.48888691649214316
991,help,335485,0.7309913901967378
992,hem,1793,0.43041619236540285
993,hen,1307,0.41225215098293067
994,hence,20119,0.5693241633036931
996,here,477384,0.75125752657857
997,hex,4734,0.48619600876612784
998,hick,433,0.3487810290732333
999,hid,1607,0.424123895379633
1000,hide,14079,0.548814635828554
1001,hike,2400,0.44716820319931855
1002,hill,31348,0.5948036766750607
1003,hilt,712,0.3773546273311351
1004,him,368959,0.7364556295550577
1005,hind,12919,0.5438745415311922
1006,hinge,957,0.39434489142640294
1007,hint,10533,0.5321434842781797
1009,hire,11831,0.5388200781250795
1010,his,842729,0.7839093592022636
1011,hiss,1136,0.40419605191398233
1012,hit,64137,0.6359324847810116
1013,hitch,1587,0.42340437658963026
1014,hive,3724,0.4724089308588185
1015,hoarse,214,0.30829047808616533
1017,hoc,2,0.03982326329463344
1018,hog,2410,0.4474070926265225
1020,hold,71052,0.6418151129646575
1021,hole,25792,0.5835954290510905
1022,home,190436,0.6984580925745084
1023,hone,317,0.33086517273832106
1024,hooch,92,0.2597895253949124
1025,hood,7565,0.5131277002552836
1026,hoof,431,0.3485150432996902
1027,hook,11612,0.537746620411465
1028,hoop,1281,0.41109772772600445
1029,hoot,965,0.39482316952222535
1030,hop,4487,0.48311733113728245
1031,hope,150677,0.6850039218667904
1032,horn,9175,0.5242132254192916
1033,horse,23857,0.5791148733820236
1034,hose,3876,0.4747073503261303
1035,host,35398,0.6017844736191512
1036,hot,51548,0.6233785825492529
1037,hound,2577,0.45125638499395176
1038,house,104155,0.6637889896515586
1039,howl,3227,0.46417907537423614
1040,hub,4476,0.48297631108006206
1041,huck,2,0.03982326329463344
1042,hue,1352,0.4141969602868041
1043,huff,667,0.37360365505493615
1044,hug,3803,0.4736149730542385
1045,huge,38163,0.6061055659558532
1046,hulk,4508,0.4833855938400826
1047,hull,5092,0.490384329413978
1048,hum,2852,0.45708178947675043
1049,hump,769,0.38177924503947164
1050,hunch,733,0.3790246539949255
1051,hung,8537,0.5200724431740431
1052,hunk,938,0.3931927645175482
1053,hunt,15348,0.5537728632371168
1054,hurl,518,0.3590787305177745
1055,hurt,28020,0.5883556353998755
1056,hush,519,0.3591895363852305
1057,hut,1870,0.4328319823014553
1058,hymn,2290,0.4444726936422119
1059,inch,16321,0.557304341839994
1060,ink,5598,0.49582733591272743
1061,jab,1144,0.4045992312841252
1062,jack,2,0.03982326329463344
1063,jade,7030,0.5089137859934769
1064,jail,9661,0.5271786396592794
1065,jam,10906,0.5341428374361971
1066,jar,2939,0.4588081827854675
1067,jazz,13761,0.5475020788735
1068,jean,2,0.03982326329463344
1069,jeep,2641,0.45266580054242994
1070,jeer,71,0.24490299873544855
1071,jell,2,0.03982326329463344
1072,jerk,4774,0.4866794177978296
1073,jest,2160,0.44111494398745754
1074,jet,12300,0.5410536174100153
1076,jinx,493,0.3562367651834334
1077,job,152137,0.6855579370292754
1078,jock,949,0.39386259835731907
1080,join,43731,0.6139301105263496
1081,joint,14744,0.5514661925443323
1082,joke,20264,0.5697367475767371
1083,jolt,819,0.3853983773807155
1084,jot,543,0.3617867164088274
1085,joust,923,0.3922665839369004
1086,jowl,14,0.15162129751721853
1087,judge,28179,0.5886807309874931
1088,jug,839,0.38678451999475144
1089,juice,7655,0.5138071765327513
1090,juke,191,0.30175794331521333
1091,jump,26857,0.5859200926051515
1092,june,2,0.03982326329463344
1093,junk,12377,0.5414121603318872
1094,just,1020541,0.7949082843304219
1095,jut,2,0.03982326329463344
1096,jute,2,0.03982326329463344
1097,kale,797,0.3838339711512935
1098,keel,641,0.3713192969146973
1099,keen,3443,0.4679014594576442
1100,keep,183908,0.6964541065989328
1101,keg,1154,0.40509925902236116
1102,kelp,1915,0.4341981640319653
1103,ken,2,0.03982326329463344
1104,kept,38550,0.6066852442813137
1105,kick,19879,0.5686346866620419
1106,kid,20835,0.571333266896482
1107,kill,70817,0.641624776441549
1108,kilt,430,0.34838158720143064
1109,kin,1681,0.4267104081891943
1110,kind,131851,0.6773359245904645
1112,kiss,12850,0.5435668653029745
1113,kit,24868,0.5814994046636431
1114,kite,2348,0.44590970853678635
1115,klan,2,0.03982326329463344
1116,knack,632,0.3705069103701985
1117,knead,465,0.3528773969340833
1118,kneel,735,0.3791812012974155
1119,knelt,1177,0.4062330709903049
1120,knife,7122,0.5096607806673041
1121,knight,18288,0.563842041499713
1122,knit,1114,0.4030724942064894
1123,knob,2051,0.43813999407174437
1124,knock,6914,0.5079578649685985
1125,knoll,532,0.3606108966362334
1126,knot,2003,0.4367794294670869
1127,known,84925,0.6520621982670015
1128,lab,24769,0.5812702273497751
1129,lace,3287,0.4652374932312726
1130,lack,41018,0.610250473256267
1131,lad,2331,0.4454922251798196
1133,laid,9981,0.5290508044737784
1134,lain,1382,0.41545786293145714
1135,lake,21616,0.5734475030494381
1136,lamb,3446,0.46795149821052473
1137,lame,7595,0.5133550864009143
1138,lamp,6659,0.5057988442224833
1139,lance,7265,0.5108029262808733
1141,lane,14141,0.5490670866328244
1142,lap,6366,0.503213582356395
1143,lapse,1457,0.4184941184156322
1144,lard,604,0.36790342435653206
1145,large,134356,0.6784172152658932
1146,lark,661,0.37308449949409545
1147,lash,651,0.3722086772827624
1148,lass,727,0.3785524363409086
1149,last,291286,0.7228749352529791
1150,latch,1281,0.41109772772600445
1151,late,55032,0.6271360789556929
1153,lathe,593,0.3668474529944573
1154,laugh,13451,0.5461930133059372
1155,launch,13021,0.5443263702358163
1156,lawn,2665,0.453185543169955
1157,lax,1251,0.409736222674727
1158,lead,48781,0.620208765462763
1159,leaf,7053,0.5091014471647614
1161,lean,4549,0.4839057620843089
1162,leap,6092,0.5006859514439009
1163,leapt,717,0.37775667812838665
1164,lear,2,0.03982326329463344
1165,learn,71509,0.6421834609801572
1166,lease,3327,0.4659324254954392
1167,leash,2004,0.4368081056965154
1168,least,201526,0.7017100502837139
1169,leave,76508,0.6460656629261835
1170,ledge,1579,0.4231140268903471
1171,left,132019,0.677409082401619
1172,leg,17840,0.5624170977020457
1173,lend,2985,0.4597004457984352
1174,length,50775,0.6225105103035824
1175,lens,9345,0.5252680045220652
1176,lent,1323,0.412951205380188
1177,less,158430,0.6878865818575312
1178,lest,2930,0.45863197701769876
1180,lewd,1747,0.4289229840656257
1181,lice,398,0.34393857624082336
1182,lick,4420,0.48225297459876754
1183,lid,2900,0.45804069058636965
1184,lien,762,0.3812538726374735
1185,life,219563,0.706634952471822
1186,lift,9808,0.5280462472092001
1187,light,96807,0.6595856911147103
1188,like,1060833,0.7971329478785266
1189,lilt,70,0.2440880513911246
1190,limb,2129,0.44028441539159097
1191,lime,2088,0.4391672040898695
1192,limp,1598,0.42380122656257035
1193,line,239806,0.7117017777232479
1194,link,39056,0.6074344528772249
1195,lint,1006,0.39721373841965874
1196,lip,3325,0.46589787779477865
1197,lisle,264,0.32035402506101257
1198,list,317098,0.7277529829400483
1199,lit,5378,0.4935238894018192
1200,lithe,203,0.30525869047187576
1201,live,128444,0.6758318392074478
1202,load,40670,0.6097609594019086
1203,loaf,1225,0.4085295761929823
1204,loan,9527,0.5263761794095012
1205,loath,227,0.3116787010976012
1206,lob,471,0.35361398169594666
1207,lobe,466,0.3530008187312091
1208,lock,18223,0.5636374764351737
1209,lode,601,0.3676173516104585
1210,lodge,3578,0.47011114109086033
1211,loft,751,0.3804184566368192
1212,log,21914,0.5742341425697889
1213,loin,557,0.36324923091185596
1214,lone,6450,0.5039667200536759
1215,long,273919,0.7193431285736761
1216,look,253526,0.7148982298874454
1217,loom,645,0.3716767028851365
1220,loose,25761,0.5835263336435236
1221,loot,1001,0.39692747562281
1222,lop,283,0.3243468696491006
1223,lope,82,0.2531784673892306
1224,lord,38011,0.6058762792987344
1226,lose,38349,0.6063849011294685
1227,loss,30004,0.5922861075184465
1228,lost,78092,0.6472430039174265
1229,lot,232890,0.7100204768865637
1230,loud,11933,0.5393132799499861
1232,loupe,2,0.03982326329463344
1233,louse,102,0.26571775120711544
1234,love,165832,0.6905100141186277
1235,luck,60631,0.6327027681030524
1236,lug,763,0.38132922061478747
1237,lull,479,0.35458163108705865
1238,lump,2581,0.4513454936965255
1239,lunch,11096,0.535135138864149
1240,lung,13502,0.546410436045132
1241,lurch,297,0.3271209931337908
1242,lure,5053,0.48994260024846786
1243,lurk,1852,0.4322762816551644
1244,lush,1020,0.39800776837565494
1245,lust,5574,0.49558049203368654
1246,lute,351,0.3367187221364696
1247,lymph,412,0.3459247976029895
1248,lynch,3848,0.4742908080859081
1249,mad,17813,0.5623300796919395
1250,made,271086,0.718745830135232
1251,maid,1716,0.427894346967831
1252,mail,260348,0.7164237641491705
1253,main,74096,0.6442252328904982
1254,make,520911,0.7562707453286414
1255,male,58589,0.63073447180865
1256,mall,7769,0.5146564687082595
1257,malt,1884,0.43326050828521356
1258,man,188878,0.6979861247383432
1259,mane,514,0.3586333575551624
1260,map,25880,0.5837911193065899
1261,mar,40593,0.6096520815901629
1262,march,74697,0.6446893586932748
1263,mare,1432,0.4174997560304266
1264,mark,103561,0.6634603960837923
1265,marsh,5133,0.49084507825071183
1266,mart,1403,0.4163243133307256
1267,mash,1629,0.4249050953871667
1268,mask,12363,0.5413471369181122
1269,mass,33837,0.5991933257816283
1270,mast,1616,0.4244447621275102
1271,mat,3516,0.46910686541676544
1272,match,35071,0.6012512687078219
1273,mate,5181,0.4913798378947197
1274,math,18406,0.5642115545894058
1275,mauve,290,0.32575067341783015
1276,max,2,0.03982326329463344
1278,mead,1695,0.4271869153890252
1279,meal,6530,0.5046749302473671
1280,mean,151695,0.6853907777680494
1281,meant,36603,0.6037077001900475
1282,meat,14863,0.5519280375761441
1283,meek,1500,0.4201651671893243
1284,meet,48217,0.6195406329614206
1287,men,98323,0.6604784316915723
1288,mend,359,0.3380134884696658
1289,mere,9456,0.5259464086084241
1290,merge,3685,0.47180407707300875
1291,mesh,1957,0.43544460683810404
1292,mess,13192,0.5450759656540936
1293,met,33946,0.5993781025918866
1294,mew,137,0.28266680051349247
1295,mice,4183,0.47908669178102903
1296,mid,2,0.03982326329463344
1297,midst,2426,0.4477872615866583
1298,mig,2,0.03982326329463344
1299,might,277740,0.7201390215183316
1300,mike,2,0.03982326329463344
1301,mil,2,0.03982326329463344
1302,mild,5335,0.49306267690872957
1303,mile,9659,0.5271667446645232
1304,milk,15197,0.5532048195529462
1305,mill,4855,0.4876460370846273
1306,mime,9920,0.5286985977235448
1307,mince,278,0.3233227280126819
1308,mind,131158,0.6770331600501163
1309,mine,89232,0.6549044587585499
1310,mink,584,0.36596880303976753
1311,mint,84437,0.6517311079878065
1312,mirth,377,0.3408242414507425
1313,miss,30938,0.5940472948794355
1314,mist,3268,0.46490443244653945
1315,mite,473,0.35385742623166416
1316,mitt,165,0.2933509890510183
1317,mix,19761,0.568292635536307
1318,moan,2143,0.4406609801959092
1319,mob,7531,0.5128689033110795
1320,mock,1818,0.43121173020028836
1321,mode,65880,0.6374729952179042
1322,moist,1793,0.43041619236540285
1324,mole,1538,0.42160250833410506
1325,moll,388,0.3424765934253174
1326,mom,15797,0.5554295083180979
1328,moon,30691,0.5935867674126218
1329,moose,3477,0.46846602932780085
1330,moot,2410,0.4474070926265225
1331,mop,725,0.37839416399710274
1332,more,1076713,0.797986606829195
1333,mosk,2,0.03982326329463344
1334,moss,3717,0.47230083520234556
1335,most,495367,0.7533820000885376
1337,mould,915,0.3917664473773254
1338,mount,18147,0.5633973652988007
1339,mourn,573,0.3648763222935526
1340,mouse,37840,0.605617233284104
1341,mouth,34159,0.5997374739012344
1342,move,80093,0.6486966086755085
1343,much,483900,0.7520364188477012
1344,muck,1237,0.40908964065540765
1345,mud,11447,0.5369243924019643
1346,muff,350,0.3365548052650306
1347,mug,1644,0.4254317060810986
1348,mulch,353,0.33704515951732567
1349,mule,1490,0.4197808659272335
1350,mum,1452,0.41829661796515216
1351,munch,1221,0.40834166817766826
1352,muse,1303,0.41207605023366406
1353,mush,2551,0.45067378505773215
1354,must,306096,0.7257242032798241
1355,mute,1379,0.41533301067413625
1356,myth,8164,0.5175057145083262
1357,nab,321,0.3315855937698711
1358,nail,4605,0.4846087112446557
1359,name,297697,0.7241257170422944
1360,nap,1646,0.4255015575480218
1361,naught,469,0.3533695012229148
1362,near,78064,0.6472224004298588
1363,neat,11903,0.539168659573739
1364,neck,14843,0.5518506756517544
1365,need,415852,0.7433295095962567
1366,nerve,4198,0.4792923458288009
1367,nest,2560,0.450876123525607
1368,net,117271,0.6706033152759922
1369,news,149046,0.6843786346405261
1370,newt,8880,0.5223356190313351
1371,next,188011,0.6977217939317703
1372,nice,113121,0.6685333214091097
1373,niche,2474,0.4489129039500411
1374,nick,17833,0.5623945501295717
1375,niece,671,0.3739471707238532
1376,night,97526,0.6600108249754695
1377,nil,4760,0.48651068691453425
1378,nine,14717,0.5513608854132158
1379,ninth,1916,0.43422815767632555
1381,nix,1081,0.40134485313943963
1382,nod,2135,0.4404461026215713
1383,node,8030,0.5165548865231797
1384,noise,20805,0.5712504818324939
1385,non,2,0.03982326329463344
1386,nonce,2,0.03982326329463344
1387,none,90592,0.6557735010562425
1388,nook,239,0.31463829915004743
1389,noon,4850,0.48758683787849605
1390,noose,311,0.3297673146614155
1392,nor,54813,0.6269069891431505
1393,norm,6409,0.5036003503848853
1395,nose,13921,0.548166232784537
1396,not,2605566,0.8487597961151394
1397,notch,2066,0.43855864657616445
1398,note,131659,0.6772522014357472
1399,noun,1525,0.42111482227289226
1400,nude,6498,0.5043926929000748
1401,nudge,823,0.38567829425338834
1402,numb,1273,0.4107378028247111
1403,nun,1949,0.4352092646781346
1404,nurse,6642,0.5056519833025876
1405,nut,4433,0.482421705482063
1406,nymph,453,0.3513752767456044
1407,oft,723,0.3782354544363222
1408,old,238323,0.7113453767857885
1409,once,188864,0.6979818660668536
1410,one,1428620,0.8142340393200161
1412,orb,8505,0.5198566829881874
1413,ounce,2262,0.4437658837237152
1414,oust,207,0.306379756762324
1415,pace,7204,0.5103184915505787
1416,pack,30420,0.593077208822755
1417,pact,1368,0.4148728836649602
1419,page,157110,0.6874058936995223
1420,paid,50046,0.6216796548474408
1421,pail,498,0.3568165160611715
1422,pain,36598,0.6036998515507452
1423,paint,15966,0.5560408875303942
1424,pair,23221,0.5775624616596504
1425,pal,12347,0.5412727342212327
1426,pale,5426,0.4940343954586734
1427,pall,162,0.2922967792079904
1428,palm,5992,0.4997350388980173
1429,pan,10049,0.5294409000377308
1430,pane,971,0.39517928321072127
1431,pang,730,0.3787890303244067
1432,pant,538,0.36125523413144994
1433,pap,1831,0.43162109708326507
1434,par,9476,0.526067796408635
1435,pare,731,0.37886767896703394
1436,park,46462,0.6174104613812857
1438,pass,48576,0.6199668137505584
1439,past,89392,0.6550073839463549
1440,paste,6658,0.5057902157288924
1441,pat,17027,0.5597373366578338
1442,patch,25240,0.5823524757646276
1443,pate,474,0.35397876275927087
1445,pause,4819,0.4872184350113783
1446,pave,751,0.3804184566368192
1447,pawn,1544,0.4218262055322196
1448,peace,40410,0.6093924891117436
1449,peach,1814,0.43108518207761093
1450,peak,8421,0.5192864269470352
1451,peal,206,0.30610153430835607
1452,pear,973,0.39529749894063354
1453,pearl,10740,0.5332616255880385
1454,peat,652,0.3722968627558967
1456,peel,2815,0.45633155665100267
1457,peep,624,0.3697750173583249
1458,peer,4090,0.47779493842430554
1459,peg,1352,0.4141969602868041
1460,pelt,389,0.34262447722502987
1461,pen,7904,0.5156462374990005
1462,perch,771,0.3819284732388682
1463,perk,312,0.3299517540636914
1464,pert,336,0.3342094663794581
1465,pest,1077,0.401131867448005
1466,pet,14819,0.551757703627743
1467,pew,278,0.3233227280126819
1468,phase,16744,0.5587744081135828
1469,phone,141621,0.6814427661366442
1470,phrase,12899,0.5437855294683531
1471,pick,45299,0.6159540427944138
1472,piece,46131,0.6169996967250942
1473,pier,1152,0.4049996010191126
1474,pierce,4991,0.48923329711006863
1476,pike,2434,0.44797640685862183
1477,pile,5668,0.4965412981829211
1478,pill,2807,0.456168047968696
1479,pimp,990,0.396292631323991
1480,pin,24744,0.5812122094258464
1481,pinch,1994,0.4365206972708986
1482,pine,7922,0.5157769276653519
1483,pink,13068,0.5445333759218307
1484,pint,1472,0.4190825785734461
1485,pip,846,0.38726187558510605
1486,pipe,12207,0.5406175674386623
1487,piss,6981,0.5085119303263175
1488,pit,15284,0.5535327884058144
1489,pitch,8754,0.5215145711597656
1490,pith,115,0.27260975267955156
1491,place,195201,0.6998779596625666
1492,plaid,779,0.3825215399189786
1493,plain,23528,0.5783170562249343
1494,plan,63174,0.6350633041885438
1495,plane,18679,0.565057444000841
1497,plant,25227,0.58232287675004
1498,plate,10421,0.5315293029648092
1499,play,149548,0.6845718156492246
1500,plea,1988,0.43634755954730053
1501,plead,1028,0.3984566208497958
1502,please,580706,0.762513879644638
1503,pleat,43,0.21609157003289117
1504,pledge,2601,0.45178897582496397
1505,plight,1349,0.41406933455982997
1506,plod,137,0.28266680051349247
1507,plot,17286,0.5606046793061935
1508,plough,308,0.329210417010625
1509,plow,765,0.3814796207647273
1510,pluck,534,0.36082647972020754
1511,plug,15794,0.5554185964461141
1512,plum,827,0.38595685394801493
1513,plumb,342,0.33522635707569337
1514,plume,579,0.36547479462665855
1515,plump,500,0.357046788210985
1516,plunge,1427,0.41729880156018917
1518,plush,697,0.3761313130287399
1519,poach,48,0.222411432156873
1520,pod,4310,0.4808050604682297
1521,point,256290,0.7155212043046435
1522,poise,233,0.31317755543657566
1523,poke,2585,0.4514344644064732
1524,pole,5732,0.497186389305069
1525,poll,7923,0.5157841795207692
1526,pomp,141,0.2843202333121334
1527,pond,3606,0.47055899388343114
1528,pons,2,0.03982326329463344
1529,pool,16202,0.5568839060485619
1530,poor,53484,0.625496818279599
1531,pop,22984,0.5769730692209468
1532,pope,2,0.03982326329463344
1533,porch,1682,0.4267445757932148
1534,pore,417,0.3466178436963877
1535,pork,2769,0.4553849629152396
1536,port,62055,0.6340365225047208
1537,pose,4367,0.48155989695590296
1538,posh,315,0.33050154605316967
1539,post,275953,0.7197681714125967
1540,pot,13163,0.5449495279700112
1541,pouch,833,0.386372177379313
1542,pound,7613,0.5134910873640017
1543,pour,11350,0.5364354721400467
1544,pout,336,0.3342094663794581
1546,prank,1116,0.40317554862778343
1547,pray,9584,0.5267188951967778
1548,preach,2492,0.4493293982590868
1549,prep,2178,0.441591733648858
1550,press,77899,0.6471008367311123
1551,prey,3686,0.47181966595506536
1552,price,153718,0.6861519029576195
1553,prick,3226,0.46416126882691644
1554,pride,8229,0.517961330095658
1555,priest,14419,0.5501856013155221
1556,prim,220,0.309879136661946
1557,prime,22013,0.5744931103687472
1558,prince,11049,0.5348912655921307
1559,print,61835,0.6338324764207989
1560,prize,8219,0.5178914701351204
1561,pro,42952,0.6128974523310192
1562,probe,6037,0.5001648982648336
1563,prod,1750,0.4290215591389367
1564,prompt,14841,0.5518429337268718
1565,prone,3803,0.4736149730542385
1566,proof,28840,0.5900128489941141
1567,prop,3336,0.466087633580288
1568,prose,2062,0.43844730385824027
1569,proud,16650,0.55845096199968
1570,prove,31647,0.5953490699131899
1571,prow,67,0.24157146700032966
1572,prowl,380,0.3412796162875544
1573,pry,1110,0.40286582914743474
1574,psalm,2,0.03982326329463344
1575,pub,102711,0.6629868933571212
1576,puck,2020,0.43726498941214936
1577,puff,1198,0.4072491053128775
1578,puke,1279,0.41100795766951076
1579,pull,28192,0.5887072299579322
1580,pulp,4303,0.4807116737598081
1581,pulse,5498,0.4947917486741332
1582,pump,10592,0.5324644050315235
1583,pun,4012,0.4766886785464916
1584,punch,9483,0.5261102216198323
1585,punk,6663,0.505833345244068
1586,punt,502,0.357276141108253
1587,pup,1766,0.42954445534875263
1588,pure,21174,0.5722605410654107
1589,purge,2889,0.4578223517265496
1590,purse,1864,0.432647345320476
1592,push,19349,0.5670821298170753
1593,put,224209,0.7078379827460897
1594,putt,717,0.37775667812838665
1595,pyre,148,0.2871039595898229
1596,quack,630,0.3703248093478031
1597,quaint,872,0.3890009762761027
1598,quake,3999,0.4765022130930685
1599,quart,1101,0.40239809664981874
1600,quartz,686,0.37521736596238875
1601,queen,17475,0.561229442162727
1603,quell,260,0.3194768656646248
1604,quench,245,0.3160628223190763
1606,queue,5939,0.4992246005900434
1607,quick,37675,0.6053661644600776
1608,quill,432,0.3486481901135515
1609,quince,2,0.03982326329463344
1610,quirk,1137,0.4042466043364846
1611,quit,16825,0.5590516691468903
1612,quite,155013,0.6866338878832902
1614,quo,2,0.03982326329463344
1615,quote,34047,0.5995487889725201
1616,race,46407,0.6173424105631413
1617,rack,11657,0.5379688371224641
1618,raft,843,0.3870577800792934
1620,rage,6291,0.5025326923715935
1621,raid,6764,0.5066976998608831
1622,rail,7341,0.5114008249617835
1623,rain,17803,0.5622978173233542
1625,rake,921,0.39214195737074964
1626,ram,65792,0.6373962006175965
1627,ramp,2795,0.4559219091082491
1628,ran,30988,0.5941400714788477
1629,ranch,3655,0.47133443284093995
1630,rang,1732,0.4284275556625001
1631,range,58186,0.6303379215165501
1632,rank,9514,0.5262977290304116
1633,rant,2864,0.4573230193250601
1635,rape,12686,0.5428288959452507
1636,rapt,134,0.2813947302949631
1637,rare,36260,0.603166781908899
1638,rash,2287,0.44439737858952055
1639,rasp,124,0.27693879067110494
1640,rat,7401,0.5118684940029263
1641,rate,87419,0.6537251206488045
1642,rave,2966,0.45933358060804014
1643,reach,34162,0.5997425194501436
1644,read,289584,0.7225382506692158
1645,real,197765,0.7006276994996546
1646,realm,7246,0.5106524743080675
1647,ream,338,0.3345504336975372
1648,reap,1435,0.4176199921910883
1649,rear,15897,0.5557920565298602
1650,red,103821,0.6636044562451175
1651,reed,6654,0.5057556887900726
1652,reef,2983,0.45966193854198883
1653,reek,162,0.2922967792079904
1654,reel,2754,0.45507288814213315
1655,ref,5667,0.4965311609399363
1656,reign,2830,0.4566368868176401
1657,rein,793,0.383544899726532
1658,rent,10741,0.5332669747640087
1659,rest,78612,0.6476243034168851
1660,rev,18431,0.5642895370978724
1661,rhyme,1632,0.4250108043856492
1662,rib,1207,0.4076791076695913
1663,rice,16537,0.5580597127602598
1665,ride,23595,0.5784804304512432
1666,ridge,7148,0.5098701394744674
1667,rift,1867,0.43273973798225396
1668,rig,3195,0.46360651056603314
1669,right,388386,0.7394037731946386
1670,rile,164,0.29300173068386404
1671,rim,3713,0.4722389748200923
1672,rind,409,0.34550492125576604
1673,ring,44169,0.6145026826627219
1674,rink,2017,0.43717960001154044
1675,rinse,1703,0.42745744125420876
1676,rip,8028,0.5165405751955513
1677,ripe,1288,0.41141082291213094
1678,rise,14755,0.5515090401729591
1679,risk,36286,0.6032079633248312
1680,rite,2045,0.437971675129672
1681,roach,810,0.3847635330818964
1682,road,66724,0.6382043583541521
1683,roam,1101,0.40239809664981874
1684,roar,1518,0.42085049727739116
1685,roast,1486,0.4196264227577048
1686,rob,21936,0.5742917919309898
1687,robe,1643,0.4253967484746248
1688,rock,44287,0.6146559664944251
1689,rod,19567,0.5677258160513204
1691,role,32943,0.5976549641826858
1692,roll,21722,0.5737285502384083
1693,romp,420,0.34702969366409725
1694,roof,5628,0.49613440679052095
1695,rook,639,0.371139756692127
1696,room,85140,0.6522074646515156
1697,roost,260,0.3194768656646248
1698,root,27386,0.587040735185323
1699,rope,6360,0.5031594071289324
1700,rose,19328,0.5670197408296992
1701,rot,2379,0.44666327870487127
1702,rouge,2060,0.43839155147689557
1704,round,47082,0.6181720553430212
1705,rouse,539,0.3613619246439433
1706,rout,306,0.32883613018545466
1707,route,17657,0.5618247118652653
1708,rove,41,0.21335520409459716
1709,rub,4233,0.47976936170068085
1710,rude,7348,0.5114555829169491
1712,rule,45325,0.6159870091935383
1713,rum,959,0.39446483473607763
1714,rump,849,0.38746524862743986
1715,run,223340,0.7076148716802373
1716,rung,565,0.364068536410686
1717,ruse,913,0.3916407299869718
1718,rush,27951,0.5882139817972434
1719,rust,4190,0.4791827552863357
1720,rut,426,0.3478446410084212
1721,sack,2222,0.44274082844238294
1722,sad,17185,0.5602680048913775
1723,safe,33171,0.5980512280876873
1724,sag,871,0.38893505220178154
1725,sage,4768,0.48660716523186115
1726,said,352359,0.7338107896697856
1727,sail,3554,0.46972446891138375
1728,saint,6330,0.5028877620627455
1729,sake,11450,0.536939447516118
1730,sale,95393,0.6587403242104581
1731,salt,15260,0.5534425010779603
1732,salve,1854,0.4323382922650345
1733,same,401467,0.7413069352215975
1734,sand,10085,0.5296463538854465
1735,sane,3944,0.4757065550673337
1736,sang,5222,0.49183270302967447
1737,sank,1117,0.4032270066020852
1738,sap,3704,0.47209954494979783
1739,sash,309,0.32939664999206186
1740,sat,33314,0.5982983745588639
1741,sauce,5759,0.49745637957838856
1742,save,62634,0.6345700968290648
1743,sax,1525,0.42111482227289226
1744,scald,117,0.27360034315813037
1746,scalp,1317,0.41269005572842593
1747,scan,14018,0.5485651694941545
1748,scant,593,0.3668474529944573
1749,scar,1740,0.42869231569080285
1750,scarce,1892,0.43350395282093107
1751,scare,4296,0.4806181350087658
1752,scarf,828,0.38602628335159084
1753,scene,31920,0.5958425560777456
1754,scent,2431,0.44790555033436763
1755,scheme,15926,0.5558967689938493
1756,schnook,2,0.03982326329463344
1757,school,119953,0.671902467477652
1758,scoop,2579,0.4513009566210648
1759,scope,10776,0.5334538828487653
1760,score,23266,0.5776736918060813
1761,scorn,985,0.3960017303254572
1762,scotch,2,0.03982326329463344
1763,scour,174,0.29640229852226335
1764,scourge,543,0.3617867164088274
1765,scout,7493,0.5125782733875827
1766,scrap,2408,0.4473593941393766
1767,scrape,1142,0.4044987013818926
1768,scratch,8069,0.5168332472334578
1769,scream,7437,0.5121472789792249
1770,screech,385,0.3420306442952642
1771,screen,74700,0.6446916660819563
1772,screw,9545,0.5264846264677503
1773,scribe,797,0.3838339711512935
1774,script,33263,0.5982103533316847
1775,scrub,877,0.38932946673339824
1776,scuff,327,0.33264956537054163
1777,seal,6423,0.5037257150765442
1778,seam,1087,0.4016628585148027
1779,sear,267,0.32100321642557406
1780,search,78525,0.6475606850935193
1781,seat,17186,0.5602713479901807
1782,sect,1668,0.4262643702856546
1783,seed,8217,0.5178774879436503
1784,seek,19665,0.5680128464606115
1785,seem,122297,0.6730143240188683
1786,seen,160828,0.6887496735519009
1787,seep,209,0.30693219202315447
1788,seize,1927,0.4345570584283913
1790,sell,77275,0.6466387650475393
1791,send,324166,0.7290195221765513
1793,sent,91675,0.6564562592205129
1794,serf,552,0.36273116766788505
1795,serge,914,0.39170362306875023
1796,serve,27119,0.5864778500615219
1797,set,288328,0.7222885210870438
1799,sex,65482,0.6371248535314745
1800,shack,4310,0.4808050604682297
1801,shade,6049,0.5002789863204613
1802,shaft,6381,0.5033487973504788
1803,shag,478,0.35446156244468086
1804,shake,5294,0.492619440953075
1805,shall,60163,0.6322575794945556
1806,sham,1011,0.3974985819603224
1807,shame,11306,0.5362123147023025
1808,shank,505,0.3576184628228825
1810,shard,202,0.3049749722436099
1811,share,57771,0.6299266824546056
1812,shark,3257,0.4647107215904975
1813,sharp,12849,0.5435623940920716
1814,shave,1844,0.43202756774091794
1815,shawl,184,0.29961278868954583
1816,sheaf,80,0.2517598070524398
1817,shear,907,0.39126191878297745
1818,sheath,894,0.39043249103166666
1819,shed,6229,0.5019636661359611
1820,sheen,780,0.38259524464296407
1822,sheer,5299,0.492673677551521
1823,sheet,17019,0.5597103365635967
1824,sheik,441,0.3498328264018487
1825,shelf,5671,0.4965716991843186
1826,shell,37176,0.6046001256861286
1827,shield,14026,0.5485979481711053
1828,shift,15460,0.5541905952994518
1829,shill,265,0.32057123826669276
1830,shim,480,0.3547014493254125
1831,shin,1607,0.424123895379633
1832,shine,3208,0.4638398036300112
1833,ship,51301,0.6231026270236615
1834,shirt,8157,0.5174564320138797
1835,shit,2,0.03982326329463344
1836,shock,11043,0.5348600581907837
1837,shod,115,0.27260975267955156
1838,shone,399,0.3440827490253058
1839,shook,4215,0.47952453395319944
1840,shoot,23533,0.5783292643855521
1841,shop,27997,0.5883084563279151
1842,shore,6113,0.5008836590234881
1843,short,95523,0.6588185666661461
1844,shot,42216,0.6119044424805419
1845,should,594295,0.763842833819561
1846,shout,3287,0.4652374932312726
1847,shove,2257,0.4436387475256361
1848,shown,31874,0.59575970093828
1849,shred,1448,0.4181381273143885
1850,shrewd,292,0.3261455397451341
1851,shriek,360,0.33817330171448484
1852,shrill,481,0.35482101820200784
1853,shrimp,1995,0.43654950289921185
1854,shrine,2378,0.44663912363852126
1855,shrink,4087,0.4777527815254098
1856,shrub,282,0.3241434966067669
1857,shrug,1720,0.42802811379069755
1858,shuck,94,0.2610251176284276
1859,shun,927,0.3925150289704011
1860,shunt,247,0.3165299210258333
1861,shut,19702,0.5681208432666278
1862,sick,22111,0.5747483177867438
1863,side,112410,0.6681710732611869
1864,siege,1741,0.4287253250708934
1865,sieve,496,0.35658531726037185
1866,sight,14324,0.5498058192329951
1867,sign,39391,0.6079251488425013
1868,silk,3866,0.4745589316838721
1869,sill,441,0.3498328264018487
1870,sin,17451,0.5611504827626098
1871,since,320456,0.7283581971449768
1872,sine,1155,0.4051490232736034
1873,sing,10919,0.5342112806716064
1874,sink,8581,0.5203677965849376
1875,sip,908,0.39132522768686806
1876,sit,25660,0.5833006381987242
1877,site,148792,0.6842806416312227
1878,six,43681,0.6138643840463089
1879,sixth,4470,0.48289924490557273
1880,size,107007,0.6653410247702042
1881,skate,10330,0.5310254004500705
1882,skeet,183,0.2992996935034194
1883,sketch,2055,0.43825193336573776
1884,ski,12349,0.5412820398293624
1885,skid,785,0.38296235659151345
1886,skiff,2,0.03982326329463344
1887,skill,18473,0.5644203098959127
1888,skin,24975,0.5817460776833858
1889,skip,8820,0.5219461068650216
1890,skirt,4930,0.48852678235197294
1891,skit,807,0.3845503498151558
1892,skulk,108,0.2690016635242846
1893,skull,7304,0.5111105198708722
1894,skunk,887,0.38998086627908213
1895,sky,19797,0.5683972061542255
1896,slab,983,0.39588495625178644
1897,slack,2950,0.4590228140655275
1898,slam,4233,0.47976936170068085
1899,slang,1955,0.4353858616136943
1900,slant,1433,0.41753986271580207
1901,slap,3100,0.461872298418917
1902,slash,3073,0.4613697109726718
1903,slat,72,0.2457065478405788
1904,slate,1019,0.3979514144481674
1905,slave,13151,0.544897127427228
1906,sleek,528,0.36017728835564605
1907,sleep,25608,0.5831840918970631
1909,sleeve,4253,0.4800401744786381
1910,sleight,3270,0.46493958253908113
1911,slept,3158,0.4629372901849806
1912,slice,3519,0.4691558656964667
1913,slick,4657,0.4852538371921478
1914,slid,4982,0.4891296020212143
1915,slide,10006,0.5291945300314647
1916,slight,13038,0.5444013307603566
1917,slim,3709,0.4721770477599687
1918,sling,784,0.382889121623704
1919,slip,24293,0.5801553766481956
1920,slit,2570,0.4511001114290684
1921,slob,381,0.34143060934284003
1922,sloe,31,0.19729226408183806
1923,sloop,155,0.2897590179557441
1924,slop,409,0.34550492125576604
1925,slope,2690,0.453721988005356
1926,slot,11958,0.5394335194657816
1927,slouch,197,0.30353497645155114
1928,slough,364,0.33880814601330383
1929,slow,43721,0.6139169712442938
1930,sludge,647,0.37185457554878354
1931,slug,4599,0.48453380533513085
1932,sluice,25,0.1849335077478121
1933,slum,469,0.3533695012229148
1934,slump,494,0.35635318432046675
1935,slung,234,0.3134236064527638
1936,sly,1117,0.4032270066020852
1937,smack,2234,0.44305026989671864
1938,small,158744,0.688000337668388
1939,smart,17784,0.5622364688664121
1940,smash,2575,0.45121177876153473
1941,smear,1828,0.43152688636338365
1943,smelt,200,0.30440329763171237
1944,smile,12278,0.5409507642506167
1945,smirk,634,0.3706884360329545
1946,smog,729,0.3787102738700355
1947,smoke,16650,0.55845096199968
1948,smooth,13506,0.5464274540619826
1949,smug,1004,0.39709940440288644
1950,snack,1671,0.4263676098901952
1951,snag,1433,0.41753986271580207
1952,snail,10193,0.5302583435996973
1953,snake,5219,0.4917996873265532
1955,snare,1014,0.39766881267587645
1956,snatch,708,0.3770309485906881
1957,sneak,2641,0.45266580054242994
1959,sniff,1870,0.4328319823014553
1960,snip,5537,0.4951978509819502
1961,snob,455,0.351628373297943
1962,snoop,778,0.3824477405196633
1964,snout,253,0.3179088550044185
1965,snow,20211,0.5695862842568041
1966,snuck,2,0.03982326329463344
1967,snug,1261,0.4101936520375024
1971,sock,1148,0.4047997649064491
1972,sod,1078,0.40118518793857666
1974,soil,7609,0.5134608927373878
1975,sold,189942,0.6983088635904798
1976,sole,7670,0.5139196453930733
1977,solve,20013,0.5690206641730426
1978,some,1042742,0.796144721004321
1979,son,43982,0.6142589260566363
1980,song,59803,0.6319127638152341
1981,soon,90303,0.6555899262708986
1982,soot,285,0.32475146867662674
1983,soothe,288,0.3253530744298457
1984,sop,434,0.3489135615990566
1985,sore,3356,0.46643104658401835
1986,sort,78954,0.6478737087051344
1987,sought,7070,0.5092397603401011
1988,soul,32354,0.5966184500561821
1989,sound,122383,0.6730547109986594
1990,soup,6048,0.5002694876307701
1991,sour,2342,0.4457627076263966
1992,source,186067,0.6971246495061861
1993,south,66284,0.6378242408427353
1995,spa,1036,0.398901993812408
1996,space,113078,0.6685114780633669
1997,spade,1059,0.40016353849566494
1998,span,3412,0.46738182424253266
1999,spare,10607,0.5325457100469329
2000,spark,3276,0.4650449039699824
2001,sparse,1315,0.41260274138872194
2002,spat,690,0.3755513949525242
2003,spate,2,0.03982326329463344
2004,speak,53716,0.6257454950722497
2005,spear,1636,0.42515144784503284
2006,speck,495,0.3564693680293576
2007,sped,795,0.38368961724503203
2008,speech,36424,0.6034260488507984
2009,speed,91195,0.6561546524060835
2011,spend,40766,0.6098964148197515
2012,spent,33154,0.598021776205672
2013,sphere,12409,0.5415605095132335
2014,sphinx,2121,0.44006812214990076
2015,spice,2563,0.4509434116353487
2016,spike,4228,0.4797014585791171
2017,spill,1611,0.42426672410320476
2018,spin,10685,0.5329666512788712
2019,spine,5169,0.49124661389423047
2020,spire,180,0.2983500384198514
2021,spit,3742,0.47268596081973774
2022,spite,5830,0.49816035776009926
2023,splash,2084,0.4390570356486967
2024,spleen,19537,0.5676376621503298
2025,splice,671,0.3739471707238532
2026,split,22191,0.5749558132024488
2027,splurge,148,0.2871039595898229
2028,spoil,1773,0.42977173440822963
2029,spoke,12639,0.5426156453351715
2032,spook,401,0.34437001374611087
2033,spool,4387,0.48182241888612903
2034,spoon,2626,0.45233855744506174
2035,sport,15871,0.5556980138598985
2037,spouse,4417,0.48221396622940627
2038,spout,1087,0.4016628585148027
2039,sprang,699,0.3762959344149149
2040,sprawl,873,0.38906682479272897
2041,spray,5155,0.49109079443751286
2042,spread,22706,0.5762739191966856
2044,spring,26154,0.5843961936582792
2045,sprite,2149,0.44082161261499553
2046,sprout,409,0.34550492125576604
2047,spruce,878,0.38939494004472014
2048,sprung,960,0.39452471262004596
2049,spun,1575,0.4229682999270757
2050,spur,1021,0.39806406708125464
2051,spurt,661,0.37308449949409545
2052,spy,5253,0.49217275892620466
2053,squad,4814,0.4871587933321229
2055,square,19006,0.5660545274631192
2056,squash,1219,0.4082474831984322
2057,squat,1639,0.42525670495746704
2058,squawk,218,0.3093544496868358
2059,squeak,518,0.3590787305177745
2060,squeal,591,0.3666533554298904
2061,squeeze,3916,0.4752972202352747
2062,squint,263,0.3201359875148159
2063,squire,1683,0.42677872308959425
2064,squirm,732,0.37894622009268625
2065,squirt,1373,0.41508248924027086
2066,stab,1642,0.4253617695849798
2067,stack,14656,0.551122256241473
2068,staff,41037,0.6102770798904608
2069,stag,292,0.3261455397451341
2070,stage,30647,0.5935043413566644
2071,staid,126,0.277858055473897
2072,stain,1778,0.42993352788171935
2073,stair,926,0.392453018360531
2074,stake,4531,0.4836779752571967
2075,stale,1401,0.4162423549367025
2077,stall,2796,0.4559424610041818
2078,stamp,6823,0.5071966676903764
2079,stance,4294,0.4805913816557948
2080,stanch,7,0.11179803422258511
2081,stand,48718,0.6201345179639133
2082,star,81635,0.6497922129002933
2083,starch,628,0.3701421293068743
2084,stare,2909,0.4582187163511943
2085,stark,2739,0.4547591089653111
2086,start,172477,0.692767258981543
2087,starve,1496,0.4200117550168161
2089,staunch,528,0.36017728835564605
2090,stave,255,0.318361241786388
2091,stay,49011,0.6204790160761582
2092,stead,678,0.3745434248097526
2093,steak,1512,0.42062296104150315
2094,steal,11270,0.5360290844193552
2095,stealth,7317,0.5112126861953222
2096,steam,5231,0.49193163645509813
2097,steed,426,0.3478446410084212
2098,steel,18416,0.5642427602957114
2099,steep,3258,0.4647283586818001
2100,steer,2274,0.4440698676311181
2101,stem,3581,0.4701592926437282
2102,stench,981,0.3957679443488809
2103,step,43958,0.6142275667702718
2104,stew,1558,0.422344803213612
2105,stick,28281,0.5888883184643292
2106,stiff,6212,0.5018066532553511
2108,stilt,427,0.3479793487476653
2109,sting,2921,0.45845522917014625
2111,stint,625,0.3698670154956242
2112,stir,4525,0.48360184517830024
2113,stitch,3068,0.46127615481380074
2114,stock,43378,0.6134644650005215
2115,stole,3728,0.4724706086151095
2116,stone,33010,0.5977716939922011
2117,stood,14397,0.5500978748868812
2118,stool,1236,0.4090431765813287
2119,stoop,772,0.3820029422375862
2120,stop,96588,0.6594555721981257
2121,store,53128,0.6251131226068635
2122,stork,248,0.3167620539657384
2123,storm,19848,0.5685450228102544
2124,stout,1932,0.4347059385958367
2125,stove,1848,0.4321520592835977
2126,stow,182,0.2989848827186704
2127,strafe,2,0.03982326329463344
2128,straight,42468,0.612246376128019
2129,strain,9707,0.5274515470214018
2130,strait,1185,0.4066222533385434
2131,strand,16262,0.5570962750353189
2132,strange,32166,0.5962836341365124
2133,strap,3353,0.46637966530964375
2134,straw,3851,0.47433558233766165
2135,stray,1888,0.43338235949624915
2136,streak,2493,0.44935244854002476
2137,stream,11582,0.5375979970006526
2138,street,76141,0.6457894052735915
2139,strength,25723,0.5834415225283729
2140,stress,12217,0.5406646136454077
2141,stretch,9426,0.5257638446655878
2142,strewn,349,0.33639041938902864
2143,strict,8420,0.5192796039763642
2144,stride,906,0.39119854004023785
2145,strife,893,0.3903681901581756
2146,strike,16027,0.5562599746144052
2147,string,33206,0.5981118168169975
2148,strip,16098,0.5565139299251528
2149,stripe,1762,0.4294141767793984
2151,strode,436,0.34917771298146927
2152,stroke,6064,0.5004212785366791
2153,stroll,564,0.3639667599014003
2154,strong,69236,0.6403275993140144
2155,strove,280,0.32373457798039146
2156,struck,7226,0.5104936770138636
2157,strung,939,0.3932539822372104
2158,strut,733,0.3790246539949255
2159,stub,789,0.38325436649315514
2160,stuck,21403,0.5728785659930261
2161,stud,3141,0.4626271773457072
2162,stuff,140708,0.6810711811305824
2163,stump,867,0.38867059684662475
2164,stung,537,0.36114834512486554
2165,stunk,259,0.3192554672231411
2166,stunt,1684,0.42681285010245823
2167,style,43237,0.6132774106703077
2168,suave,368,0.33943605198417925
2169,sub,16328,0.5573289778029595
2170,such,371017,0.7367752026698837
2171,suck,13816,0.5477312488002808
2172,suede,666,0.37351745425186794
2173,suit,18278,0.5638106173210228
2174,suite,52332,0.6242458114600111
2175,sulk,156,0.290128490769058
2176,sum,13674,0.5471376966986505
2177,sun,74085,0.644216703037544
2178,sung,3765,0.47303801066586487
2179,sunk,1554,0.4221971094961138
2181,sure,260478,0.7164524450035666
2182,surf,5925,0.49908900721244953
2183,surge,4330,0.4810710462417727
2184,svelte,85,0.2552428628080488
2185,swam,696,0.37604882511153026
2186,swamp,5708,0.4969453281494561
2187,swan,1633,0.425045997541094
2188,swank,125,0.27740026162171816
2189,swap,13964,0.548343422916169
2190,swarm,2225,0.4428183451950469
2192,sway,1469,0.4189653677382318
2193,swear,5029,0.48966906912532604
2194,sweat,5088,0.4903391798442932
2195,sweep,3221,0.4640721532134743
2197,swell,1884,0.43326050828521356
2198,swept,2029,0.4375203987832438
2199,swerve,214,0.30829047808616533
2200,swift,4026,0.4768888129968259
2201,swig,163,0.29265033616662983
2202,swim,5118,0.4906769399262385
2203,swine,802,0.3841932770407443
2204,swing,7718,0.5142780733263774
2205,swipe,672,0.37403272967409157
2206,swirl,635,0.37077898423840683
2207,switch,39076,0.6074638660885707
2208,swoop,724,0.37831486401975506
2209,sword,16754,0.5588087103562085
2210,swore,1124,0.40358592769022106
2211,sworn,2450,0.44835283948761573
2212,swum,48,0.222411432156873
2213,swung,1272,0.4106926532550263
2214,tab,9211,0.5244382122923453
2215,tack,1605,0.4240523476437772
2216,tact,756,0.3807996977468697
2217,tag,20785,0.5711952254450009
2219,taint,516,0.3588564756004973
2220,take,330818,0.7301865410010401
2221,tale,6204,0.5017326161001734
2222,talk,91549,0.6563772405654894
2223,tall,11348,0.536425347402252
2224,tame,1307,0.41225215098293067
2225,tamp,32,0.1991163164731672
2226,tan,8621,0.5206349884371316
2227,tang,2558,0.4508312209641442
2228,tank,17483,0.5612557378663577
2229,tap,11397,0.5366728912803868
2231,tar,8297,0.5184341382903344
2232,tart,577,0.36527599572772773
2233,task,21505,0.5731517178124673
2234,taste,19783,0.5683565624161717
2235,taught,18608,0.5648386462714865
2236,taunt,805,0.38440778690213667
2237,taut,545,0.36199794026610843
2238,tax,62256,0.6342223150376689
2239,teach,22494,0.575734977245248
2240,teak,2,0.03982326329463344
2241,team,108531,0.6661534992635465
2242,tear,6619,0.5054526896915834
2243,tease,1425,0.4172182225505328
2244,tech,45964,0.6167913329224458
2246,teeth,10944,0.5343426735488606
2247,tell,201114,0.7015924734312314
2248,tempt,477,0.35434124234946524
2249,ten,39039,0.6074094398026011
2250,tend,31397,0.5948934109637272
2252,tent,3189,0.463498516503282
2253,tenth,2577,0.45125638499395176
2254,term,58016,0.6301698179188934
2255,terse,618,0.3692199132866953
2256,test,124269,0.6739333427452965
2257,text,124117,0.673863026138007
2258,than,702493,0.7734523706993328
2259,thank,95708,0.6589297283066985
2260,that,5262333,0.889144796237038
2261,theft,4877,0.48790579135740453
2262,their,844724,0.7840452070607979
2263,them,801562,0.7810319429962657
2264,theme,14347,0.5498979970605004
2265,then,705902,0.7737304987260609
2266,thence,371,0.33990251861537185
2267,there,1313359,0.8094010522400379
2268,these,591807,0.7636018042336974
2269,thick,11431,0.5368440317636791
2270,thief,4278,0.4803769051604563
2271,thin,14259,0.54954451425956
2272,thine,889,0.3901102645870859
2273,thing,243606,0.7126050454533326
2274,think,652946,0.7692502133121532
2275,third,58368,0.6305173477490551
2276,thirst,1028,0.3984566208497958
2277,this,3251991,0.8614923473310273
2278,thong,512,0.35840936965170095
2279,thorn,3728,0.4724706086151095
2280,those,415650,0.7433015951215574
2281,thought,174956,0.6935871463781527
2282,thrash,1139,0.4043475759344724
2283,thread,57164,0.6293198318227561
2284,threat,18512,0.5645414758272205
2285,three,165171,0.6902805517424302
2286,threw,6890,0.507758086762778
2287,thrice,808,0.3846214988328767
2288,thrift,619,0.36931280388812254
2289,thrill,2571,0.4511224622655562
2290,thrive,1412,0.4166916861065926
2291,throat,8044,0.5166549661232704
2292,throne,5953,0.4993598747094735
2293,throng,131,0.2800938560527569
2294,through,305805,0.7256695579264734
2295,throw,28291,0.5889086298639847
2296,thrown,10417,0.5315072460206982
2297,thru,16482,0.5578683133678994
2298,thrush,239,0.31463829915004743
2299,thrust,5246,0.4920961478526048
2300,thud,467,0.35312397595836326
2301,thug,833,0.386372177379313
2302,thumb,6588,0.5051829780493647
2303,thump,776,0.3822998567199508
2304,thus,68928,0.6400714472158057
2305,thwart,508,0.35795875695376767
2306,tick,4621,0.4848079841935036
2307,tide,3979,0.4762141562125367
2308,tight,19368,0.5671385186773953
2310,till,17334,0.5607639939995224
2311,tilt,2138,0.44052677591982603
2312,time,788825,0.7801116735634617
2313,tin,11851,0.5389171186421406
2314,tint,517,0.3589677105325672
2315,tip,14598,0.5508944399985451
2316,tire,6157,0.5012957103865511
2317,toad,1694,0.42715300991476457
2318,toast,3066,0.46123868965142495
2319,toil,371,0.33990251861537185
2320,told,104949,0.6642253061435669
2321,toll,7572,0.5131808375744272
2322,tomb,6177,0.5014820339630784
2323,tome,5935,0.4991858922682375
2324,ton,11755,0.5384498220603281
2325,tone,14825,0.5517809607422695
2326,tong,1240,0.40922880783964444
2327,tongue,14965,0.5523209711243704
2328,took,87273,0.6536290874666872
2329,tool,33288,0.5982535178424881
2330,toot,258,0.31903321230586384
2331,tooth,3131,0.4624439730308145
2332,top,116573,0.6702603328554333
2333,torch,2427,0.44781093882765577
2335,torn,4162,0.4787975337557148
2336,torque,3250,0.4645871101178034
2337,toss,4465,0.48283494403208166
2338,tote,970,0.39512008400459
2339,touch,34805,0.6008138502771804
2341,tour,23495,0.5782364172389629
2342,tout,2706,0.45406270256634285
2343,town,37151,0.6045614769941098
2344,trace,8556,0.5202001684550897
2345,track,45581,0.6163105953582285
2346,tract,1677,0.4265735342126823
2347,trade,76386,0.6459739752723501
2348,trail,11057,0.5349328491093479
2349,train,23378,0.5779495999060312
2350,trait,2085,0.4390845975702938
2351,tramp,658,0.3728231518510127
2352,trance,2324,0.4453194346000508
2353,trap,9426,0.5257638446655878
2354,trash,9770,0.5278232203350188
2355,tray,3384,0.46690840217437296
2356,tread,3381,0.4668574462291549
2357,treat,15560,0.5545610209828362
2358,tree,27220,0.586691425650089
2359,trench,1929,0.43461665679936556
2360,trend,8690,0.5210929938536106
2361,trial,19702,0.5681208432666278
2362,tribe,4486,0.4831045254257689
2363,trick,15660,0.5549290736474813
2364,trig,327,0.33264956537054163
2365,trill,271,0.32185754926030447
2366,trim,4157,0.4787284715710949
2367,trip,28401,0.5891315826129563
2368,tripe,799,0.38397796326793693
2369,trite,557,0.36324923091185596
2370,troll,11418,0.536778655878637
2371,troop,2301,0.44474800720287305
2372,trot,866,0.3886042923678667
2373,trough,992,0.3964085805550052
2374,troup,2,0.03982326329463344
2375,troupe,364,0.33880814601330383
2377,truce,934,0.3929472392529967
2378,truck,10205,0.5303259417929653
2379,true,2,0.03982326329463344
2380,trump,802,0.3841932770407443
2381,trunk,3274,0.4650098182745608
2382,trust,29360,0.5910395247239193
2384,try,272683,0.7190832985252144
2385,tryst,108,0.2690016635242846
2386,tsar,553,0.3628351547088833
2387,tub,2581,0.4513454936965255
2388,tube,14621,0.5509848890375725
2389,tuck,1006,0.39721373841965874
2390,tug,1179,0.40633061400943543
2391,tune,12262,0.5408758461314862
2392,turf,1130,0.4038917997053194
2393,turn,89687,0.6551966702227884
2394,tusk,220,0.309879136661946
2395,twain,2,0.03982326329463344
2396,tweed,336,0.3342094663794581
2397,twelfth,508,0.35795875695376767
2399,twice,46142,0.6170133947965156
2401,twinge,222,0.31039907527352867
2402,twist,9437,0.5258308521554651
2404,type,157466,0.6875359304107896
2405,use,677373,0.7713603205811037
2406,vail,2,0.03982326329463344
2407,vain,2679,0.45348656913651486
2408,vale,3939,0.47563367312876753
2409,valve,4631,0.48493217971196434
2410,vamp,695,0.3759662185919545
2411,van,45558,0.6162815975638529
2412,vase,542,0.36168081255493795
2413,vast,13768,0.5475312967731649
2414,vault,9410,0.5256662395039222
2415,veal,905,0.3911350913043942
2417,veil,1870,0.4328319823014553
2418,vein,2171,0.44140678533036115
2419,vent,2060,0.43839155147689557
2420,verb,2103,0.4395784644319707
2421,verge,1610,0.4242310501967701
2422,verse,6409,0.5036003503848853
2423,verve,500,0.357046788210985
2424,vest,1240,0.40922880783964444
2425,vet,7569,0.5131580704552599
2426,vex,126,0.277858055473897
2427,vice,15889,0.5557631367157634
2428,view,75016,0.6449341935271378
2429,vile,2726,0.45448577387771827
2430,vine,1243,0.409367638735553
2431,vise,4637,0.48500656835999234
2432,voice,81829,0.6499285836385555
2433,void,22819,0.5765591331449677
2434,volt,4631,0.48493217971196434
2435,vote,58105,0.6302578864401569
2436,vouch,2,0.03982326329463344
2437,vue,2,0.03982326329463344
2439,wade,5234,0.4919645764413615
2440,wag,352,0.3368821726719402
2441,wage,10057,0.5294866199840147
2442,wail,438,0.3494406554288399
2443,waist,5278,0.4924455389679611
2444,wait,61761,0.6337636795419583
2445,waive,696,0.37604882511153026
2446,wake,12066,0.5399500818069762
2447,walk,33095,0.5979194435654893
2448,wall,91871,0.6565789615172212
2449,waltz,1183,0.40652520462548886
2450,wan,2,0.03982326329463344
2451,wand,5422,0.4939920261171756
2452,wane,175,0.29673154197039725
2453,want,508125,0.754842943734268
2454,war,109440,0.6666326907174001
2455,ward,24384,0.5803701891106406
2456,ware,1933,0.4347356683892386
2457,warm,21020,0.5718411556430547
2458,warmth,2501,0.4495365186196773
2459,warn,4213,0.4794972663568323
2460,warp,50147,0.6217954860379774
2461,wart,226,0.3114250458314134
2462,was,2096829,0.8362796797135733
2464,wasp,788,0.38318150304081805
2465,waste,27083,0.5864015317712391
2466,watch,56976,0.6291305705512045
2467,watt,3448,0.4679848331835906
2468,wave,19214,0.566679870501772
2469,wax,5391,0.49366259997492257
2470,weak,17125,0.5600670621352106
2471,wealth,11936,0.5393277219856231
2472,wear,31163,0.5944636148121133
2473,weave,1127,0.4037390672508157
2474,web,140291,0.6809006620512282
2475,wed,15100,0.552836932104344
2476,wedge,2103,0.4395784644319707
2477,weed,3012,0.46021778338122565
2478,week,109479,0.6666531609386045
2479,weep,828,0.38602628335159084
2480,weight,33960,0.5994017923852463
2481,weird,16202,0.5568839060485619
2482,welch,2,0.03982326329463344
2483,weld,1232,0.4088569435998919
2484,well,552534,0.7596567716701325
2485,welt,641,0.3713192969146973
2486,went,115583,0.66977032922855
2487,wept,408,0.3453642777963823
2488,west,62840,0.6347587461504215
2489,wet,16468,0.5578194915414386
2490,whack,1783,0.4300948670061879
2492,what,1325781,0.8099418983156201
2493,wheat,4110,0.4780751966603712
2494,wheel,19370,0.5671444511286854
2495,when,944469,0.7904576844480852
2496,whence,753,0.3805712567919588
2497,where,454615,0.7484497902961255
2498,which,980927,0.792633720408789
2499,whiff,350,0.3365548052650306
2500,whig,88,0.25723564608267335
2501,while,284230,0.7214660866955261
2502,whim,1625,0.42476384682317003
2503,whine,3759,0.4729463793474506
2504,whip,4963,0.4889100736163854
2505,whirl,389,0.34262447722502987
2506,whit,2,0.03982326329463344
2508,whiz,867,0.38867059684662475
2509,whole,120699,0.6722586660078097
2510,whom,28335,0.5889979148138423
2511,whoop,294,0.3265377107181429
2512,whoosh,207,0.306379756762324
2513,whore,2887,0.4577825644503978
2515,whose,40625,0.6096973545709821
2516,wick,561,0.36366034411125503
2517,wide,63299,0.635176871596557
2518,width,7475,0.5124400917549095
2519,wield,651,0.3722086772827624
2520,wife,38748,0.6069795774884997
2521,wig,963,0.3947039727482104
2522,wild,23871,0.5791485785264089
2523,will,1706011,0.8244289828984366
2525,win,64801,0.6365242267451567
2526,wind,23687,0.5787040109479037
2527,wine,13079,0.5445817165426609
2528,wing,15250,0.5534048394414317
2529,wink,1496,0.4200117550168161
2530,wipe,4283,0.48044401511373236
2531,wire,16617,0.5583369785428433
2533,wish,74282,0.6443692735292498
2534,wisp,1086,0.40160997970346085
2535,wit,4146,0.47857624190979636
2536,witch,8141,0.5173436273155378
2537,with,3184848,0.86029371709908
2538,woke,3225,0.46414345675904245
2539,wolf,21578,0.573346414569881
2540,womb,2493,0.44935244854002476
2541,won,27565,0.587415035633156
2542,wont,5410,0.49386473029449274
2543,wood,24037,0.5795467252672343
2544,wool,2068,0.43861423712183406
2545,word,138157,0.68002001842724
2546,wore,5576,0.49560110291264026
2547,work,451300,0.7480293160502914
2548,world,295525,0.7237050040803239
2549,worm,4112,0.4781031474390627
2550,worn,8277,0.5182954805074121
2551,worse,34814,0.6008287047112597
2552,worst,23948,0.5793336041985259
2553,worth,81431,0.6496484627340329
2554,would,1278504,0.8078557244777892
2555,wound,6141,0.5011462152312195
2556,wove,118,0.2740893063177154
2557,wrack,45,0.21870351183058453
2558,wrap,5975,0.4995718068978595
2559,wrath,5645,0.4963076878614565
2561,wreath,289,0.32555221786828553
2562,wreck,2163,0.4411946842146469
2563,wren,694,0.37588349312846503
2564,wrest,152,0.28863612570828173
2565,wring,268,0.3212179935895966
2566,wrist,4357,0.4814281847834362
2567,writ,1281,0.41109772772600445
2568,write,132650,0.677683030623176
2569,writhe,178,0.29770810074186826
2571,wrote,1028148,0.7953349431783665
2572,wrought,546,0.3621032616970097
2574,yak,766,0.38155467345269267
2576,yang,2,0.03982326329463344
2577,yank,1561,0.42245532487219106
2578,yard,7420,0.5120157990785448
2579,yarn,3133,0.46248066065943483
2580,yawn,1335,0.4134699702994801
2581,year,246568,0.7132994002637693
2582,yearn,350,0.3365548052650306
2583,yeast,6896,0.507808096478224
2584,yell,3324,0.4658805961509524
2585,yelp,214,0.30829047808616533
2586,yen,3688,0.47185083103555137
2587,yes,197094,0.700432435456915
2588,yet,159996,0.6884516855141257
2590,yoke,998,0.39675503079759744
2591,yolk,326,0.33247359946126326
2592,yon,281,0.32393940110095415
2593,yore,385,0.3420306442952642
2594,york,2,0.03982326329463344
2595,young,66851,0.6383136080027535
2596,your,1711895,0.8246267956838792
2597,youth,14086,0.5488431939524347
2598,zeal,702,0.376541985431103
2599,zen,2,0.03982326329463344
2600,zest,290,0.32575067341783015
2602,zing,222,0.31039907527352867
2603,zip,16638,0.5584095396298487
2604,zone,17302,0.5606578333050974
2605,zounds,2,0.03982326329463344
2606,dork,2,0.03982326329463344
2607,bilge,325,0.33229709294926396
2608,muss,814,0.3850465524939624
2609,fiche,2,0.03982326329463344
2610,tog,2,0.03982326329463344
2611,rime,929,0.39263884976071384
2612,laze,40,0.21193654375780635
2613,runt,266,0.3207876333416
2614,souse,2,0.03982326329463344
2615,git,2,0.03982326329463344
2617,rend,236,0.31391256961234887
2618,squaw,357,0.33769252213506706
2619,rheum,2,0.03982326329463344
2621,clod,194,0.30265333013068396
2622,manse,2,0.03982326329463344
2623,zit,2,0.03982326329463344
2624,chive,15,0.1555851328522453
2625,retch,291,0.32594844581438975
2626,phage,2,0.03982326329463344
2627,gunk,425,0.3477096166819549
2628,hasp,2,0.03982326329463344
2629,sprig,55,0.2302326100726791
2630,bleat,130,0.2796536023699913
2631,shoal,102,0.26571775120711544
2632,yawl,32,0.1991163164731672
2633,whelp,2829,0.4566165818785819
2634,nape,177,0.2973844220014212
2635,cud,935,0.3930087190068218
2636,scrim,2,0.03982326329463344
2637,crag,137,0.28266680051349247
2638,wretch,155,0.2897590179557441
2639,thwack,130,0.2796536023699913
2640,jape,2,0.03982326329463344
2641,clove,513,0.35852147275939916
2643,frappe,62,0.2371155273764715
2644,veldt,2,0.03982326329463344
2645,letch,2,0.03982326329463344
2646,tyme,2,0.03982326329463344
