word,freq,freq_scaled
frieze,39,0.2104819641797911
rile,164,0.29300173068386404
nip,738,0.37941522534590905
swig,163,0.29265033616662983
stay,49011,0.6204790160761582
clerk,260269,0.716406328017935
fond,4115,0.47814504812729436
live,128444,0.6758318392074478
top,116573,0.6702603328554333
mom,15797,0.5554295083180979
halt,4030,0.4769458664518294
squirm,732,0.37894622009268625
heave,300,0.3276984133154182
groan,1016,0.39778202024840115
hurt,28020,0.5883556353998755
bark,2443,0.44818845361161375
roast,1486,0.4196264227577048
young,66851,0.6383136080027535
bend,6893,0.50778309706186
ride,23595,0.5784804304512432
scream,7437,0.5121472789792249
time,788825,0.7801116735634617
lapse,1457,0.4184941184156322
rouge,2060,0.43839155147689557
elk,1186,0.4066707162890908
done,260269,0.716406328017935
lure,5053,0.48994260024846786
mole,1538,0.42160250833410506
hitch,1587,0.42340437658963026
froze,1331,0.4132975685963191
core,19757,0.5682810048212581
puck,2020,0.43726498941214936
clump,456,0.351754504686621
blood,51803,0.6236620921421608
fink,821,0.38553850629034636
witch,8141,0.5173436273155378
scorn,985,0.3960017303254572
snake,5219,0.4917996873265532
dots,55,0.2302326100726791
psalm,2,0.03982326329463344
mop,725,0.37839416399710274
fell,16829,0.5590653264416517
boon,2286,0.44437225161581273
ruse,913,0.3916407299869718
flew,260269,0.716406328017935
jut,2,0.03982326329463344
goal,26032,0.5841275676913849
cook,55,0.2302326100726791
veldt,2,0.03982326329463344
split,22191,0.5749558132024488
graph,4547,0.483880496989589
ripe,55,0.2302326100726791
lad,2331,0.4454922251798196
froth,409,0.34550492125576604
swum,48,0.222411432156873
hit,64137,0.6359324847810116
manse,2,0.03982326329463344
womb,2493,0.44935244854002476
grain,6579,0.5051044369237124
spine,5169,0.49124661389423047
scar,1740,0.42869231569080285
tank,17483,0.5612557378663577
stuff,140708,0.6810711811305824
mug,1644,0.4254317060810986
charge,45283,0.6159337463734684
zest,290,0.32575067341783015
lend,2985,0.4597004457984352
life,219563,0.706634952471822
prey,3686,0.47181966595506536
trill,271,0.32185754926030447
waltz,1183,0.40652520462548886
pant,538,0.36125523413144994
skulk,108,0.2690016635242846
sharp,12849,0.5435623940920716
fang,919,0.39201705987706803
brawl,1092,0.4019265249916431
mall,7769,0.5146564687082595
theme,14347,0.5498979970605004
dug,2870,0.45744325548572173
hid,1607,0.424123895379633
sphinx,2121,0.44006812214990076
hoof,431,0.3485150432996902
stress,12217,0.5406646136454077
from,1894945,0.8304633632172462
gong,1012,0.3975553815936854
dick,2,0.03982326329463344
large,260269,0.716406328017935
grime,309,0.32939664999206186
cease,3894,0.4749735414948277
hang,17805,0.5623042712465767
lag,2679,0.45348656913651486
smirk,634,0.3706884360329545
sleight,3270,0.46493958253908113
knife,7122,0.5096607806673041
beep,2305,0.44484779502555716
dyke,2,0.03982326329463344
june,2,0.03982326329463344
stout,1932,0.4347059385958367
big,260269,0.716406328017935
croak,187,0.3005419651329158
head,260269,0.716406328017935
fierce,2399,0.4471442595338471
pulp,4303,0.4807116737598081
belle,2290,0.4444726936422119
muss,814,0.3850465524939624
wharf,494,0.35635318432046675
yak,766,0.38155467345269267
ski,12349,0.5412820398293624
pore,417,0.3466178436963877
crack,9521,0.5263399848527809
fat,29358,0.5910356109104726
garb,489,0.3557687151449691
sped,795,0.38368961724503203
wore,5576,0.49560110291264026
hag,4028,0.4769173468064351
sweat,5088,0.4903391798442932
cave,7509,0.5127008231196204
run,223340,0.7076148716802373
flight,30147,0.59255927901607
haste,778,0.3824477405196633
glance,3359,0.4664823819480895
brig,746,0.3800346688070893
stole,3728,0.4724706086151095
plight,1349,0.41406933455982997
grave,7529,0.5128536435966559
squeak,518,0.3590787305177745
freak,4225,0.4796606781507158
shelf,5671,0.4965716991843186
frill,2,0.03982326329463344
rout,306,0.32883613018545466
creche,2,0.03982326329463344
drank,2226,0.44284416088834455
bind,6802,0.5070195652655412
sell,77275,0.6466387650475393
gird,148,0.2871039595898229
rude,7348,0.5114555829169491
bruise,458,0.3520059397683059
mouth,34159,0.5997374739012344
knock,6914,0.5079578649685985
dove,2715,0.45425347028273344
scuff,327,0.33264956537054163
thrash,1139,0.4043475759344724
cramp,55,0.2302326100726791
ship,51301,0.6231026270236615
shrill,481,0.35482101820200784
must,306096,0.7257242032798241
broil,115,0.27260975267955156
fresh,15599,0.5547048421147278
hath,2089,0.43919471322348924
tour,23495,0.5782364172389629
twelve,6795,0.5069604095978497
grasp,5767,0.4975361336421654
gleam,453,0.3513752767456044
lame,7595,0.5133550864009143
bluff,1103,0.4025023667772907
snow,20211,0.5695862842568041
flint,1670,0.4263332172974488
bike,22529,0.575824302668317
cast,24387,0.5803772571827991
bomb,15379,0.5538887898269408
stem,3581,0.4701592926437282
shack,4310,0.4808050604682297
crisp,2039,0.4378028616160504
mave,260269,0.716406328017935
quart,1101,0.40239809664981874
nook,239,0.31463829915004743
slow,43721,0.6139169712442938
tord,260269,0.716406328017935
oops,7765,0.5146268805399902
main,260269,0.716406328017935
seize,1927,0.4345570584283913
scrim,2,0.03982326329463344
throw,28291,0.5889086298639847
bulge,1266,0.41042100818883953
cry,13254,0.5453453509405609
join,43731,0.6139301105263496
torn,4162,0.4787975337557148
glaze,506,0.35773211829905194
ball,38504,0.6066166474469002
seam,1087,0.4016628585148027
dat,260269,0.716406328017935
cowl,336,0.3342094663794581
mulch,353,0.33704515951732567
cause,79707,0.6484190513115988
sludge,647,0.37185457554878354
tail,11269,0.5360239863382952
found,199983,0.701268465439691
dearth,379,0.3411282253581454
cube,5030,0.48968049229356475
slim,3709,0.4721770477599687
bounce,4234,0.47978293269979133
shim,480,0.3547014493254125
dang,2,0.03982326329463344
lip,3325,0.46589787779477865
poke,2585,0.4514344644064732
slice,3519,0.4691558656964667
elm,4552,0.483943638906558
latch,1281,0.41109772772600445
nest,2560,0.450876123525607
blown,55,0.2302326100726791
turn,260269,0.716406328017935
ninth,1916,0.43422815767632555
stench,981,0.3957679443488809
bell,24817,0.5813814577952962
loud,11933,0.5393132799499861
text,124117,0.673863026138007
cure,8517,0.5199376880413913
tramp,658,0.3728231518510127
pat,17027,0.5597373366578338
bulk,7030,0.5089137859934769
list,317098,0.7277529829400483
fringe,2337,0.44563991889731785
quest,10061,0.5295094663207178
warm,21020,0.5718411556430547
arm,20429,0.5702026639746253
sash,309,0.32939664999206186
pus,316,0.330683647075565
wrap,5975,0.4995718068978595
nil,4760,0.48651068691453425
third,58368,0.6305173477490551
serve,27119,0.5864778500615219
siege,1741,0.4287253250708934
woke,3225,0.46414345675904245
whore,2887,0.4577825644503978
lose,260269,0.716406328017935
sax,1525,0.42111482227289226
knoll,532,0.3606108966362334
pyre,148,0.2871039595898229
leash,2004,0.4368081056965154
vine,1243,0.409367638735553
thread,55,0.2302326100726791
frank,34025,0.5995116529347282
step,43958,0.6142275667702718
blight,1973,0.4359124186805319
gown,55,0.2302326100726791
free,244069,0.7127141372284723
tread,3381,0.4668574462291549
gaze,2490,0.44928326993507756
snare,1014,0.39766881267587645
puke,1279,0.41100795766951076
slough,364,0.33880814601330383
this,3251991,0.8614923473310273
piss,6981,0.5085119303263175
spoof,723,0.3782354544363222
flu,1524,0.42107713593210694
kin,1681,0.4267104081891943
loop,16307,0.5572550381994459
shook,4215,0.47952453395319944
snoop,778,0.3824477405196633
term,58016,0.6301698179188934
lope,82,0.2531784673892306
trite,557,0.36324923091185596
clothe,216,0.3088249268189181
sleep,25608,0.5831840918970631
rime,929,0.39263884976071384
could,544758,0.7588424749436796
meat,260269,0.716406328017935
grade,14836,0.5518235743492356
jolt,819,0.3853983773807155
choice,65534,0.6371704593663218
swept,2029,0.4375203987832438
blond,3230,0.4642324619270637
sixth,4470,0.48289924490557273
cord,55,0.2302326100726791
tense,2807,0.456168047968696
please,580706,0.762513879644638
lash,55,0.2302326100726791
tide,3979,0.4762141562125367
spot,19105,0.5663530156904536
norm,6409,0.5036003503848853
claim,56599,0.6287491522042757
skin,24975,0.5817460776833858
boose,260269,0.716406328017935
price,153718,0.6861519029576195
wail,438,0.3494406554288399
frappe,62,0.2371155273764715
laze,40,0.21193654375780635
goon,635,0.37077898423840683
broad,55,0.2302326100726791
bad,153582,0.6861010498197239
strand,16262,0.5570962750353189
swim,5118,0.4906769399262385
scent,2431,0.44790555033436763
rove,41,0.21335520409459716
den,18871,0.5656449826656892
thrust,5246,0.4920961478526048
tash,55,0.2302326100726791
pro,42952,0.6128974523310192
drop,47324,0.6184666047143464
robe,1643,0.4253967484746248
scarce,1892,0.43350395282093107
booze,964,0.39476360204724986
feed,20086,0.5692298494803784
budge,511,0.3582970473784523
stance,55,0.2302326100726791
fade,55,0.2302326100726791
hick,433,0.3487810290732333
dim,4291,0.4805512282532514
square,19006,0.5660545274631192
drawl,118,0.2740893063177154
mend,359,0.3380134884696658
weave,1127,0.4037390672508157
skunk,887,0.38998086627908213
mill,4855,0.4876460370846273
hunk,938,0.3931927645175482
dump,10074,0.5295836542344854
smart,17784,0.5622364688664121
creed,2425,0.4477635745838626
hind,12919,0.5438745415311922
knead,465,0.3528773969340833
shear,907,0.39126191878297745
wear,260269,0.716406328017935
crag,137,0.28266680051349247
bought,57149,0.6293047540560637
mand,55,0.2302326100726791
warp,50147,0.6217954860379774
pare,731,0.37886767896703394
flame,34639,0.6005391775328969
flick,2254,0.44356233054544913
dost,2,0.03982326329463344
buss,2,0.03982326329463344
thrive,1412,0.4166916861065926
strip,16098,0.5565139299251528
gel,2478,0.4490057195186397
rag,3829,0.47400642463047815
touch,55,0.2302326100726791
bloom,3775,0.4731904055150772
beam,55,0.2302326100726791
maze,6474,0.5041801012626234
rung,565,0.364068536410686
mig,2,0.03982326329463344
heap,4317,0.4808982956275042
wreck,2163,0.4411946842146469
smile,12278,0.5409507642506167
thus,68928,0.6400714472158057
mine,89232,0.6549044587585499
hearse,162,0.2922967792079904
home,260269,0.716406328017935
limb,2129,0.44028441539159097
stop,260269,0.716406328017935
hark,55,0.2302326100726791
perch,771,0.3819284732388682
plug,15794,0.5554185964461141
huge,38163,0.6061055659558532
dwarf,4770,0.48663125951800473
cope,3791,0.47343339958374864
shaft,6381,0.5033487973504788
champ,2538,0.4503802545634453
reel,2754,0.45507288814213315
crash,19108,0.5663620366243638
tart,577,0.36527599572772773
preach,2492,0.4493293982590868
read,289584,0.7225382506692158
pet,14819,0.551757703627743
vamp,695,0.3759662185919545
hoot,965,0.39482316952222535
birth,23369,0.5779274776125538
lax,1251,0.409736222674727
bear,23531,0.5783243814325943
smooth,13506,0.5464274540619826
thought,174956,0.6935871463781527
flood,55,0.2302326100726791
soon,260269,0.716406328017935
tross,55,0.2302326100726791
fix,35997,0.6027485481166914
steam,5231,0.49193163645509813
bead,1826,0.4314639932816053
cox,2,0.03982326329463344
girl,40342,0.6092957288336771
net,117271,0.6706033152759922
shill,265,0.32057123826669276
trail,11057,0.5349328491093479
drape,199,0.3041153129461899
gate,16640,0.5584164454324254
blade,9594,0.5267788105473609
fight,40283,0.6092116428244087
toot,258,0.31903321230586384
bog,6277,0.5024046943010599
vouch,2,0.03982326329463344
grip,7902,0.5156316980013986
link,39056,0.6074344528772249
birch,1375,0.4151661178204911
cone,55,0.2302326100726791
grim,1848,0.4321520592835977
slave,260269,0.716406328017935
slap,3100,0.461872298418917
angst,2002,0.4367507389174434
groat,95,0.26163308969828747
meet,48217,0.6195406329614206
skid,785,0.38296235659151345
swirl,635,0.37077898423840683
brave,5526,0.49508359964372234
plate,10421,0.5315293029648092
grow,260269,0.716406328017935
vast,13768,0.5475312967731649
chop,2333,0.4455414986172027
growl,618,0.3692199132866953
blast,18945,0.5658698353437759
trough,992,0.3964085805550052
mold,3750,0.4728086577685969
four,260269,0.716406328017935
spun,1575,0.4229682999270757
buck,6800,0.5070026698604886
buff,1702,0.42742369510083494
source,186067,0.6971246495061861
rat,7401,0.5118684940029263
dock,2545,0.45053849576962696
chest,13014,0.5442954756876341
lung,13502,0.546410436045132
worst,23948,0.5793336041985259
stork,248,0.3167620539657384
quote,34047,0.5995487889725201
rig,3195,0.46360651056603314
churn,341,0.3350581202806111
ten,39039,0.6074094398026011
zounds,2,0.03982326329463344
swear,55,0.2302326100726791
runt,266,0.3207876333416
lare,260269,0.716406328017935
poach,48,0.222411432156873
stove,55,0.2302326100726791
vice,15889,0.5557631367157634
hue,1352,0.4141969602868041
hedge,797,0.3838339711512935
card,222824,0.7074819803190221
drove,260269,0.716406328017935
stiff,6212,0.5018066532553511
grid,5379,0.4935345713437421
bove,260269,0.716406328017935
crap,21330,0.5726822745898554
burst,6355,0.5031142220503412
pail,498,0.3568165160611715
drunk,7267,0.5108187404357949
warmth,2501,0.4495365186196773
fluff,1424,0.4171778906257686
leg,17840,0.5624170977020457
fog,4789,0.4868596526767954
trap,9426,0.5257638446655878
dawn,8285,0.5183509837837658
pawn,1544,0.4218262055322196
trim,4157,0.4787284715710949
frog,3128,0.4623888976236885
cape,5460,0.4943932788655492
clog,838,0.3867160014124296
stave,255,0.318361241786388
wept,408,0.3453642777963823
lamb,3446,0.46795149821052473
belt,10822,0.5336986123534975
match,35071,0.6012512687078219
sprig,55,0.2302326100726791
tout,2706,0.45406270256634285
tint,55,0.2302326100726791
cork,1396,0.41603694597829555
slump,494,0.35635318432046675
but,260269,0.716406328017935
cut,99106,0.6609341478975969
drab,344,0.3355613599167915
whole,120699,0.6722586660078097
stroke,6064,0.5004212785366791
whoosh,207,0.306379756762324
bread,9065,0.5235202553196323
waist,5278,0.4924455389679611
proof,28840,0.5900128489941141
dial,12972,0.5441097587070458
whiff,350,0.3365548052650306
bone,260269,0.716406328017935
inch,16321,0.557304341839994
give,260269,0.716406328017935
screech,385,0.3420306442952642
chief,19009,0.5660635953822963
smoke,16650,0.55845096199968
troll,11418,0.536778655878637
blink,2058,0.438335744940728
check,170583,0.692132869923417
hound,2577,0.45125638499395176
sieve,496,0.35658531726037185
valve,4631,0.48493217971196434
range,58186,0.6303379215165501
loan,9527,0.5263761794095012
scour,174,0.29640229852226335
rear,15897,0.5557920565298602
wag,352,0.3368821726719402
cat,38651,0.6068355723491315
these,591807,0.7636018042336974
draw,26594,0.5853547069331714
tripe,799,0.38397796326793693
dale,9907,0.5286232573467753
shall,260269,0.716406328017935
vale,3939,0.47563367312876753
wedge,2103,0.4395784644319707
spend,40766,0.6098964148197515
stain,55,0.2302326100726791
yawn,1335,0.4134699702994801
crib,1282,0.4111425602093307
jab,1144,0.4045992312841252
fool,13692,0.5472132759568211
heat,28374,0.5890769379144956
stunt,55,0.2302326100726791
prep,2178,0.441591733648858
breast,7547,0.512990835336084
gray,12667,0.5427427835428341
cheap,34328,0.6000210181371518
pace,7204,0.5103184915505787
frock,83,0.25387487378819884
class,260269,0.716406328017935
ground,48769,0.620194630477687
soak,2109,0.43974214780327664
wax,55,0.2302326100726791
wade,5234,0.4919645764413615
sly,1117,0.4032270066020852
waive,696,0.37604882511153026
slip,55,0.2302326100726791
pome,260269,0.716406328017935
duct,1103,0.4025023667772907
wink,1496,0.4200117550168161
spout,1087,0.4016628585148027
stitch,3068,0.46127615481380074
wad,55,0.2302326100726791
wet,16468,0.5578194915414386
team,108531,0.6661534992635465
nude,6498,0.5043926929000748
bland,1680,0.42667622025336416
fast,77005,0.6464376725087426
mourn,573,0.3648763222935526
stag,292,0.3261455397451341
carve,863,0.38840491857218234
spear,55,0.2302326100726791
draft,14143,0.5490752117671143
sane,3944,0.4757065550673337
cart,5927,0.4991083972985151
rift,1867,0.43273973798225396
splash,2084,0.4390570356486967
chaise,77,0.24956389042135815
clip,7283,0.5109450972140775
tame,1307,0.41225215098293067
chose,13610,0.5468681623554557
pan,10049,0.5294409000377308
nor,54813,0.6269069891431505
bag,16429,0.5576832687123701
sank,55,0.2302326100726791
cue,2812,0.45627029541420433
fire,62709,0.6346388515636617
brook,2793,0.45588078324789094
squash,1219,0.4082474831984322
zing,222,0.31039907527352867
just,1020541,0.7949082843304219
sung,3765,0.47303801066586487
stream,11582,0.5375979970006526
cram,1275,0.4108279956602941
knit,1114,0.4030724942064894
one,260269,0.716406328017935
stealth,7317,0.5112126861953222
seed,8217,0.5178774879436503
fly,29395,0.5911079733357549
peel,55,0.2302326100726791
squint,263,0.3201359875148159
choir,2133,0.4403922574213159
lore,3851,0.47433558233766165
gone,260269,0.716406328017935
bang,55,0.2302326100726791
gull,55,0.2302326100726791
drown,1417,0.41689477159365423
hash,3630,0.4709401085444248
mil,2,0.03982326329463344
east,49100,0.6205832511319653
art,62515,0.6344608368561987
nose,13921,0.548166232784537
yield,6184,0.5015471047201792
lust,5574,0.49558049203368654
peck,1069,0.4007035126251926
frown,806,0.38447911257792333
throat,260269,0.716406328017935
much,483900,0.7520364188477012
troup,2,0.03982326329463344
frail,431,0.3485150432996902
mile,9659,0.5271667446645232
curd,150,0.2878751500207848
zeal,702,0.376541985431103
cake,6252,0.502175414627036
dash,3426,0.46761708036023186
dense,55,0.2302326100726791
gasp,2666,0.45320709740936266
paid,260269,0.716406328017935
brass,12057,0.5399072118949259
sauce,5759,0.49745637957838856
dear,260269,0.716406328017935
mauve,290,0.32575067341783015
pig,6377,0.5033127711229511
shoot,23533,0.5783292643855521
blithe,199,0.3041153129461899
bill,116921,0.6704315886283312
ramp,2795,0.4559219091082491
rev,18431,0.5642895370978724
chime,1079,0.40123845898965066
marsh,5133,0.49084507825071183
lewd,1747,0.4289229840656257
jazz,13761,0.5475020788735
kid,20835,0.571333266896482
tenth,2577,0.45125638499395176
fuck,2,0.03982326329463344
scare,55,0.2302326100726791
nall,260269,0.716406328017935
curve,7960,0.5160518567039962
help,335485,0.7309913901967378
quaint,872,0.3890009762761027
mew,137,0.28266680051349247
cop,11147,0.535398601453056
kept,38550,0.6066852442813137
lathe,593,0.3668474529944573
tact,756,0.3807996977468697
peach,1814,0.43108518207761093
bong,1337,0.41355597753779844
wed,15100,0.552836932104344
disc,16846,0.5591233337526488
quirk,1137,0.4042466043364846
role,32943,0.5976549641826858
dumb,12451,0.5417546383083609
cage,8500,0.5198228971451279
blot,531,0.36050280097976045
bum,1700,0.4273561432712217
wreak,455,0.351628373297943
frost,6052,0.5003074729706444
cash,39510,0.6080984518753046
shrub,282,0.3241434966067669
share,57771,0.6299266824546056
chrome,2813,0.45629072308534113
down,260269,0.716406328017935
tin,11851,0.5389171186421406
those,415650,0.7433015951215574
lord,38011,0.6058762792987344
graft,522,0.3595206775006026
pork,55,0.2302326100726791
dark,260269,0.716406328017935
sprawl,873,0.38906682479272897
clung,480,0.3547014493254125
with,260269,0.716406328017935
ban,11742,0.5383862491110767
haze,939,0.3932539822372104
squat,1639,0.42525670495746704
dike,183,0.2992996935034194
bean,3577,0.4700950816010374
foist,2,0.03982326329463344
streak,2493,0.44935244854002476
mate,5181,0.4913798378947197
wool,55,0.2302326100726791
thine,889,0.3901102645870859
wane,175,0.29673154197039725
knack,632,0.3705069103701985
tile,1329,0.413211173355276
chant,5190,0.49147955355377
bood,55,0.2302326100726791
trout,1949,0.4352092646781346
splice,671,0.3739471707238532
through,305805,0.7256695579264734
starch,628,0.3701421293068743
taunt,805,0.38440778690213667
crept,654,0.37247282866517506
weld,55,0.2302326100726791
swap,13964,0.548343422916169
haul,1936,0.4348247655760798
crouch,1270,0.4106022475330403
lot,232890,0.7100204768865637
staff,41037,0.6102770798904608
beet,422,0.3473026292105003
soot,285,0.32475146867662674
nod,2135,0.4404461026215713
pall,162,0.2922967792079904
bug,32228,0.5963942679290297
deal,83768,0.6512740925335568
floor,35637,0.60217107957005
weak,17125,0.5600670621352106
drip,1350,0.4141119079774633
chill,3587,0.4702554748500096
grove,3902,0.47509145395174607
jest,2160,0.44111494398745754
yoke,998,0.39675503079759744
road,66724,0.6382043583541521
float,55,0.2302326100726791
shunt,247,0.3165299210258333
whim,1625,0.42476384682317003
flare,4588,0.48439622367166096
stanch,7,0.11179803422258511
lens,9345,0.5252680045220652
loft,751,0.3804184566368192
nymph,453,0.3513752767456044
fawn,390,0.3427719813483306
gall,1260,0.4101480726424365
whit,2,0.03982326329463344
wake,55,0.2302326100726791
seek,260269,0.716406328017935
jean,2,0.03982326329463344
chip,35546,0.6020241846688892
sprang,699,0.3762959344149149
juice,7655,0.5138071765327513
sine,1155,0.4051490232736034
spice,2563,0.4509434116353487
dell,6062,0.5004023265904518
shred,1448,0.4181381273143885
find,378727,0.7379568777272458
tend,31397,0.5948934109637272
loon,882,0.38965608969648213
beak,584,0.36596880303976753
bib,783,0.3828157931843084
rap,5297,0.4926519890558058
klan,2,0.03982326329463344
mash,1629,0.4249050953871667
slam,55,0.2302326100726791
sting,2921,0.45845522917014625
flog,278,0.3233227280126819
was,2096829,0.8362796797135733
beach,26668,0.5855143521491287
wrack,45,0.21870351183058453
lest,2930,0.45863197701769876
wipe,4283,0.48044401511373236
wrote,1028148,0.7953349431783665
debt,14194,0.5492820153956928
fin,3679,0.4717104548505524
stick,28281,0.5888883184643292
wan,2,0.03982326329463344
lute,351,0.3367187221364696
log,21914,0.5742341425697889
hen,1307,0.41225215098293067
pluck,534,0.36082647972020754
seat,17186,0.5602713479901807
joint,14744,0.5514661925443323
spree,535,0.3609339686654379
strafe,2,0.03982326329463344
took,87273,0.6536290874666872
pike,2434,0.44797640685862183
gash,262,0.3199171193473903
jag,2710,0.45414756642884396
wren,694,0.37588349312846503
scribe,797,0.3838339711512935
shrug,1720,0.42802811379069755
bide,246,0.31629684636756983
cap,13883,0.5480091900073043
pack,30420,0.593077208822755
few,264495,0.7173316997472758
sag,871,0.38893505220178154
heed,1059,0.40016353849566494
quill,432,0.3486481901135515
grease,2967,0.4593529478168759
teen,4198,0.4792923458288009
both,260269,0.716406328017935
peer,55,0.2302326100726791
stuck,21403,0.5728785659930261
nope,11116,0.535238601568982
herd,2305,0.44484779502555716
press,77899,0.6471008367311123
keen,3443,0.4679014594576442
jet,12300,0.5410536174100153
cod,11377,0.5365719817533176
swung,1272,0.4106926532550263
wasp,788,0.38318150304081805
dread,55,0.2302326100726791
dealt,8202,0.5177725129017154
desk,13626,0.5469356645802479
pun,4012,0.4766886785464916
tamp,32,0.1991163164731672
club,63266,0.635146911603662
test,124269,0.6739333427452965
swift,4026,0.4768888129968259
scalp,1317,0.41269005572842593
chalk,1664,0.42612642826388597
wheat,4110,0.4780751966603712
path,43724,0.613920913344436
bed,31347,0.5948018439029267
wield,651,0.3722086772827624
shoal,102,0.26571775120711544
bound,12727,0.5430142788474597
foes,55,0.2302326100726791
tune,12262,0.5408758461314862
loaf,1225,0.4085295761929823
dun,1104,0.4025544309625185
chore,583,0.36587034059155976
node,8030,0.5165548865231797
thumb,6588,0.5051829780493647
sheer,5299,0.492673677551521
butt,10346,0.5311143195229053
plunge,1427,0.41729880156018917
swan,1633,0.425045997541094
cloth,260269,0.716406328017935
fact,260269,0.716406328017935
ring,44169,0.6145026826627219
skip,8820,0.5219461068650216
warn,4213,0.4794972663568323
grope,172,0.29573809662215805
swell,1884,0.43326050828521356
write,260269,0.716406328017935
gap,6723,0.5063483897015558
load,40670,0.6097609594019086
bleak,725,0.37839416399710274
trump,802,0.3841932770407443
hawk,3599,0.4704473575481621
wealth,11936,0.5393277219856231
kind,131851,0.6773359245904645
moss,3717,0.47230083520234556
dome,55,0.2302326100726791
feint,1262,0.4102391953014546
heel,4379,0.4817175540165558
cull,347,0.3360602298338316
hush,519,0.3591895363852305
fuse,2294,0.4445729603770275
mean,151695,0.6853907777680494
faze,102,0.26571775120711544
wring,268,0.3212179935895966
bout,5610,0.4959503612797945
cream,9870,0.528408284703258
badge,2041,0.4378591879190593
site,148792,0.6842806416312227
straight,42468,0.612246376128019
tack,1605,0.4240523476437772
stone,260269,0.716406328017935
route,17657,0.5618247118652653
rush,27951,0.5882139817972434
aft,936,0.39307013304203064
dame,2949,0.4590033352301257
hood,55,0.2302326100726791
bun,888,0.3900456018627956
stud,3141,0.4626271773457072
paint,260269,0.716406328017935
hire,11831,0.5388200781250795
tang,2558,0.4508312209641442
wrist,4357,0.4814281847834362
pod,4310,0.4808050604682297
phone,141621,0.6814427661366442
sleeve,4253,0.4800401744786381
douse,93,0.2604106430601773
whoop,294,0.3265377107181429
starve,1496,0.4200117550168161
guest,14824,0.5517770852102454
nowl,55,0.2302326100726791
need,415852,0.7433295095962567
print,61835,0.6338324764207989
meld,631,0.3704159320068211
zip,16638,0.5584095396298487
snip,5537,0.4951978509819502
nail,4605,0.4846087112446557
shriek,360,0.33817330171448484
git,2,0.03982326329463344
swerve,214,0.30829047808616533
cache,28691,0.5897152532636096
bump,2684,0.45359369731312005
verse,6409,0.5036003503848853
dire,4071,0.4775274208070667
hunch,733,0.3790246539949255
crude,3353,0.46637966530964375
seep,209,0.30693219202315447
creep,1795,0.4304802423435718
caste,1618,0.4245158231439499
shark,3257,0.4647107215904975
cruise,7518,0.512769642642084
dram,7097,0.5094587521010593
pledge,2601,0.45178897582496397
sheep,7526,0.5128307464228687
sop,434,0.3489135615990566
size,107007,0.6653410247702042
poes,260269,0.716406328017935
brag,1167,0.40574285620336914
bring,56512,0.6286607718219198
clutch,2714,0.4542323051233609
lit,5378,0.4935238894018192
boad,55,0.2302326100726791
prose,2062,0.43844730385824027
crane,1826,0.4314639932816053
stub,789,0.38325436649315514
fine,111803,0.667859994513291
squirt,1373,0.41508248924027086
sway,1469,0.4189653677382318
self,29335,0.590990582882245
grab,10232,0.5304777475534111
slat,72,0.2457065478405788
lynch,3848,0.4742908080859081
duel,1683,0.42677872308959425
yam,579,0.36547479462665855
hat,11750,0.5384253792501458
bird,19072,0.5662536918211281
rib,1207,0.4076791076695913
stilt,427,0.3479793487476653
fry,4054,0.47728700248308076
scope,10776,0.5334538828487653
pure,21174,0.5722605410654107
jump,26857,0.5859200926051515
five,260269,0.716406328017935
thrice,808,0.3846214988328767
crypt,3858,0.47443992009399893
lounge,2376,0.4465907830176911
learn,71509,0.6421834609801572
teeth,10944,0.5343426735488606
max,2,0.03982326329463344
harm,55,0.2302326100726791
dour,108,0.2690016635242846
tan,8621,0.5206349884371316
thru,16482,0.5578683133678994
throne,5953,0.4993598747094735
son,260269,0.716406328017935
mad,55,0.2302326100726791
shown,260269,0.716406328017935
stale,1401,0.4162423549367025
gage,691,0.3756345996368237
gut,3728,0.4724706086151095
spoil,1773,0.42977173440822963
blend,3257,0.4647107215904975
pad,7196,0.5102546550723809
bet,29911,0.5921077509477531
mid,2,0.03982326329463344
wig,963,0.3947039727482104
brake,6156,0.5012863783270053
pap,1831,0.43162109708326507
niche,2474,0.4489129039500411
batch,10265,0.5306627448550221
wall,91871,0.6565789615172212
stamp,6823,0.5071966676903764
sword,16754,0.5588087103562085
vile,2726,0.45448577387771827
flask,811,0.38483441874723323
slit,2570,0.4511001114290684
some,1042742,0.796144721004321
slack,2950,0.4590228140655275
fruit,10730,0.5332081064183861
sleet,142,0.284726262030082
welch,2,0.03982326329463344
fold,4908,0.48826982682337206
him,260269,0.716406328017935
plant,260269,0.716406328017935
slate,1019,0.3979514144481674
neck,14843,0.5518506756517544
great,260269,0.716406328017935
well,552534,0.7596567716701325
grant,22316,0.5752785319631455
swath,132,0.28053076176637914
glimpse,1686,0.42688104337392685
prop,3336,0.466087633580288
bunt,188,0.30084838092306104
plan,63174,0.6350633041885438
brash,248,0.3167620539657384
strode,436,0.34917771298146927
mast,1616,0.4244447621275102
spread,22706,0.5762739191966856
less,158430,0.6878865818575312
gym,3551,0.4696759513931164
chord,4239,0.47985073965262515
shank,505,0.3576184628228825
boss,10004,0.5291830452089442
threat,18512,0.5645414758272205
torch,2427,0.44781093882765577
twinge,222,0.31039907527352867
barre,2,0.03982326329463344
climb,6146,0.5011929742673052
snail,10193,0.5302583435996973
script,33263,0.5982103533316847
disk,108082,0.6659153200671802
pot,13163,0.5449495279700112
came,260269,0.716406328017935
strict,8420,0.5192796039763642
trick,15660,0.5549290736474813
coat,10297,0.5308415690809933
firm,34532,0.6003614308725522
grape,55,0.2302326100726791
horn,9175,0.5242132254192916
jell,2,0.03982326329463344
patch,25240,0.5823524757646276
wife,38748,0.6069795774884997
laid,9981,0.5290508044737784
guess,98365,0.6605029682028419
gosh,3148,0.4627550736527041
vise,4637,0.48500656835999234
spruce,878,0.38939494004472014
flank,663,0.3732580731139339
pit,15284,0.5535327884058144
sock,1148,0.4047997649064491
flag,15313,0.5536416966261277
prim,220,0.309879136661946
haid,260269,0.716406328017935
bleep,130,0.2796536023699913
pink,13068,0.5445333759218307
shrewd,292,0.3261455397451341
munch,1221,0.40834166817766826
grown,10657,0.5328158987713212
catch,260269,0.716406328017935
barge,55,0.2302326100726791
rook,639,0.371139756692127
coax,2088,0.4391672040898695
peal,206,0.30610153430835607
braid,503,0.35739047512502525
trench,1929,0.43461665679936556
quite,155013,0.6866338878832902
staid,126,0.277858055473897
plod,137,0.28266680051349247
flex,2764,0.45528112622609057
north,77222,0.6465993468087876
fiche,2,0.03982326329463344
here,260269,0.716406328017935
christ,2,0.03982326329463344
court,57769,0.6299246934352366
theft,4877,0.48790579135740453
hooch,92,0.2597895253949124
knelt,1177,0.4062330709903049
pierce,4991,0.48923329711006863
spook,55,0.2302326100726791
rend,55,0.2302326100726791
sulk,156,0.290128490769058
bool,55,0.2302326100726791
suede,666,0.37351745425186794
nix,1081,0.40134485313943963
rob,21936,0.5742917919309898
sill,441,0.3498328264018487
dog,58316,0.6304661402643944
shun,927,0.3925150289704011
maid,1716,0.427894346967831
three,165171,0.6902805517424302
rake,921,0.39214195737074964
shod,115,0.27260975267955156
rut,426,0.3478446410084212
beg,4585,0.4843586441492481
shawl,184,0.29961278868954583
cove,55,0.2302326100726791
pass,48576,0.6199668137505584
what,260269,0.716406328017935
claw,2196,0.4420645990710255
been,735349,0.7760785266490605
pear,55,0.2302326100726791
welt,641,0.3713192969146973
lab,24769,0.5812702273497751
that,5262333,0.889144796237038
shell,37176,0.6046001256861286
soothe,288,0.3253530744298457
tribe,4486,0.4831045254257689
fife,545,0.36199794026610843
rink,2017,0.43717960001154044
foll,55,0.2302326100726791
huff,667,0.37360365505493615
craft,6910,0.5079246168053632
joke,20264,0.5697367475767371
which,260269,0.716406328017935
dase,55,0.2302326100726791
curse,7689,0.514061790613688
sling,784,0.382889121623704
fence,5279,0.492456423276882
rule,45325,0.6159870091935383
rich,36594,0.6036935718672253
pitch,55,0.2302326100726791
mosk,2,0.03982326329463344
damn,30473,0.5931772203336245
drink,19874,0.5686202342119702
stroll,564,0.3639667599014003
strait,1185,0.4066222533385434
boast,960,0.39452471262004596
slouch,197,0.30353497645155114
brim,397,0.34379404075712994
twain,2,0.03982326329463344
lace,3287,0.4652374932312726
rump,849,0.38746524862743986
doom,33767,0.599074347639803
wise,13446,0.5461716529961892
dunk,1070,0.4007572319600714
ham,6780,0.5068334419782922
wrong,138850,0.6803074832957756
chic,534,0.36082647972020754
tub,2581,0.4513454936965255
fear,34539,0.6003730759847599
task,21505,0.5731517178124673
born,35183,0.6014344532038408
bran,596,0.36713737534796087
juke,191,0.30175794331521333
charm,3831,0.47403642610607755
dross,2,0.03982326329463344
trend,260269,0.716406328017935
zone,55,0.2302326100726791
freight,2664,0.4531639808411348
meaf,55,0.2302326100726791
bleat,130,0.2796536023699913
tilt,2138,0.44052677591982603
cluck,132,0.28053076176637914
crease,1735,0.4285269837077376
vase,542,0.36168081255493795
left,132019,0.677409082401619
din,3777,0.4732208360372226
span,3412,0.46738182424253266
spate,2,0.03982326329463344
van,45558,0.6162815975638529
glove,55,0.2302326100726791
sweet,15496,0.5543242238440462
scald,117,0.27360034315813037
pain,36598,0.6036998515507452
crab,982,0.3958264800895198
chart,10663,0.5328482361968282
lien,762,0.3812538726374735
rash,2287,0.44439737858952055
troupe,364,0.33880814601330383
lithe,203,0.30525869047187576
lift,9808,0.5280462472092001
town,260269,0.716406328017935
gruff,208,0.30665663837998564
verve,500,0.357046788210985
squad,4814,0.4871587933321229
wound,6141,0.5011462152312195
near,260269,0.716406328017935
barn,2577,0.45125638499395176
struck,7226,0.5104936770138636
smear,1828,0.43152688636338365
watch,260269,0.716406328017935
jar,2939,0.4588081827854675
broom,602,0.36771286755010973
nut,4433,0.482421705482063
sheik,441,0.3498328264018487
his,842729,0.7839093592022636
noun,1525,0.42111482227289226
mart,1403,0.4163243133307256
buzz,3748,0.47277800808823955
swipe,672,0.37403272967409157
pert,336,0.3342094663794581
wand,55,0.2302326100726791
risk,36286,0.6032079633248312
lug,763,0.38132922061478747
sage,4768,0.48660716523186115
dung,1177,0.4062330709903049
quince,2,0.03982326329463344
bade,137,0.28266680051349247
doll,55,0.2302326100726791
sin,17451,0.5611504827626098
hog,2410,0.4474070926265225
late,55032,0.6271360789556929
hike,2400,0.44716820319931855
thrift,619,0.36931280388812254
posh,315,0.33050154605316967
stoop,772,0.3820029422375862
shard,202,0.3049749722436099
mock,1818,0.43121173020028836
pave,751,0.3804184566368192
and,10715413,0.93
girth,239,0.31463829915004743
shuck,94,0.2610251176284276
queer,2461,0.44861021359717734
brink,1293,0.41163342227802946
dodge,6589,0.505191698217017
dreamt,800,0.3840498242209793
hence,20119,0.5693241633036931
heck,12965,0.5440787474273269
shrimp,1995,0.43654950289921185
bloc,2,0.03982326329463344
broth,55,0.2302326100726791
hymn,2290,0.4444726936422119
shine,3208,0.4638398036300112
cell,16079,0.5564460799831603
gauge,4938,0.48861993652636104
wild,260269,0.716406328017935
rode,2641,0.45266580054242994
deed,55,0.2302326100726791
oft,723,0.3782354544363222
plum,827,0.38595685394801493
plaid,779,0.3825215399189786
mice,4183,0.47908669178102903
rust,4190,0.4791827552863357
gale,926,0.392453018360531
dice,14896,0.5520554574480855
drew,9789,0.5279348419934107
ford,16673,0.5585302714959789
sang,5222,0.49183270302967447
poot,260269,0.716406328017935
blaze,4593,0.4844588016371846
hand,124850,0.6742013283388197
mime,9920,0.5286985977235448
saint,6330,0.5028877620627455
dwell,1489,0.4197422940396033
rose,19328,0.5670197408296992
deck,28757,0.5898472644070133
pith,115,0.27260975267955156
fish,260269,0.716406328017935
flop,1547,0.4219377283581797
food,260269,0.716406328017935
taste,19783,0.5683565624161717
junk,12377,0.5414121603318872
lick,4420,0.48225297459876754
draught,331,0.33334808855835624
nun,1949,0.4352092646781346
tag,20785,0.5711952254450009
force,75367,0.6452023884428894
bald,2766,0.45532268342462373
spire,180,0.2983500384198514
twelfth,508,0.35795875695376767
raise,24839,0.5814323665362734
speech,36424,0.6034260488507984
long,273919,0.7193431285736761
wheel,19370,0.5671444511286854
mead,1695,0.4271869153890252
south,66284,0.6378242408427353
vue,2,0.03982326329463344
tale,6204,0.5017326161001734
cleat,359,0.3380134884696658
dirt,260269,0.716406328017935
lone,55,0.2302326100726791
deaf,55,0.2302326100726791
grill,1497,0.4200501464813033
priest,14419,0.5501856013155221
rise,14755,0.5515090401729591
click,20059,0.5691525682999321
youth,14086,0.5488431939524347
joust,923,0.3922665839369004
chump,288,0.3253530744298457
grouse,191,0.30175794331521333
slab,983,0.39588495625178644
might,277740,0.7201390215183316
scotch,2,0.03982326329463344
gag,3171,0.46317331096818953
groove,55,0.2302326100726791
frame,31449,0.5949884861492306
cinch,153,0.28901286689082123
yeast,6896,0.507808096478224
fen,2,0.03982326329463344
fig,1889,0.4334127819615971
thence,371,0.33990251861537185
gist,1043,0.3992888829812791
glitch,2,0.03982326329463344
win,64801,0.6365242267451567
blow,16922,0.5593819467609478
loot,1001,0.39692747562281
pine,7922,0.5157769276653519
taint,55,0.2302326100726791
grouch,243,0.3155918948916962
writ,1281,0.41109772772600445
fit,42664,0.6125109246759669
train,23378,0.5779495999060312
yard,7420,0.5120157990785448
blob,1172,0.40598848643842617
crow,4669,0.4854016892775213
child,64731,0.6364621309216659
clown,2763,0.4552603363490889
hive,3724,0.4724089308588185
grew,10674,0.5329074742457692
pin,24744,0.5812122094258464
keel,641,0.3713192969146973
shit,2,0.03982326329463344
pale,5426,0.4940343954586734
suite,52332,0.6242458114600111
blur,1630,0.42494035333516933
gyp,20,0.17211328046317292
sail,3554,0.46972446891138375
fluke,1184,0.4065737494737232
sore,3356,0.46643104658401835
stock,43378,0.6134644650005215
threw,6890,0.507758086762778
wolf,21578,0.573346414569881
thirst,1028,0.3984566208497958
squawk,218,0.3093544496868358
lisle,264,0.32035402506101257
course,195949,0.7000976951353353
gin,1094,0.4020316537025265
style,43237,0.6132774106703077
deep,42697,0.6125553464447341
toss,4465,0.48283494403208166
bright,13728,0.5473641368517314
rind,409,0.34550492125576604
fush,55,0.2302326100726791
grin,8805,0.5218483147997648
stead,678,0.3745434248097526
sour,2342,0.4457627076263966
spa,1036,0.398901993812408
sub,16328,0.5573289778029595
lark,661,0.37308449949409545
break,260269,0.716406328017935
man,188878,0.6979861247383432
sluice,25,0.1849335077478121
red,103821,0.6636044562451175
ghoul,6741,0.5065020069707955
gram,1640,0.4252917478524035
street,76141,0.6457894052735915
dork,2,0.03982326329463344
jowl,14,0.15162129751721853
roost,260,0.3194768656646248
tweed,336,0.3342094663794581
type,157466,0.6875359304107896
notch,2066,0.43855864657616445
hack,9827,0.5281574368201591
proud,16650,0.55845096199968
stage,30647,0.5935043413566644
sold,189942,0.6983088635904798
grail,1599,0.4238371682743883
deer,4913,0.4883283268024282
judge,28179,0.5886807309874931
care,104471,0.6639630341754017
soul,32354,0.5966184500561821
pray,9584,0.5267188951967778
glum,71,0.24490299873544855
ream,338,0.3345504336975372
pouch,55,0.2302326100726791
plea,1988,0.43634755954730053
safe,33171,0.5980512280876873
clench,271,0.32185754926030447
men,98323,0.6604784316915723
wisp,1086,0.40160997970346085
leapt,717,0.37775667812838665
tome,5935,0.4991858922682375
gas,25775,0.5835575483114188
spy,5253,0.49217275892620466
spool,4387,0.48182241888612903
whine,3759,0.4729463793474506
teach,22494,0.575734977245248
gross,55,0.2302326100726791
milk,15197,0.5532048195529462
reach,34162,0.5997425194501436
burn,55,0.2302326100726791
grey,12687,0.5428334246036276
pate,474,0.35397876275927087
groom,1694,0.42715300991476457
met,33946,0.5993781025918866
park,260269,0.716406328017935
gave,52248,0.6241535177462402
slight,13038,0.5444013307603566
bile,1618,0.4245158231439499
quick,37675,0.6053661644600776
clean,36259,0.6031651974186422
creak,218,0.3093544496868358
treat,260269,0.716406328017935
filth,1034,0.39879097382720063
knight,18288,0.563842041499713
beck,2085,0.4390845975702938
clinch,340,0.3348893893973157
gorge,834,0.38644110699102113
funk,2553,0.45071881078454074
tsar,553,0.3628351547088833
speed,91195,0.6561546524060835
cost,99511,0.6611684523746431
geese,642,0.3714088570645046
cross,29755,0.5918073231986323
form,55,0.2302326100726791
dip,5049,0.48989710206793347
heard,133759,0.678161359436175
full,155607,0.6868536227318726
tone,14825,0.5517809607422695
fake,7855,0.5152889562665212
thump,776,0.3822998567199508
brood,55,0.2302326100726791
wage,10057,0.5294866199840147
farm,10866,0.5339317299987211
snag,1433,0.41753986271580207
sake,11450,0.536939447516118
sect,1668,0.4262643702856546
reek,162,0.2922967792079904
curl,1238,0.409136067182756
build,47710,0.6189333200414708
axe,3072,0.46135101192467365
state,199234,0.701052882355717
breadth,1092,0.4019265249916431
place,260269,0.716406328017935
drive,171710,0.6925111982395036
cheese,8664,0.5209208405110024
damp,1714,0.4278273465818504
sole,7670,0.5139196453930733
dime,2559,0.450853676631605
wilt,1025,0.39828871184240927
mud,11447,0.5369243924019643
greet,923,0.3922665839369004
bilge,325,0.33229709294926396
fault,19970,0.5688970880329559
weed,3012,0.46021778338122565
slope,2690,0.453721988005356
worm,55,0.2302326100726791
goad,190,0.30145635299292095
hot,51548,0.6233785825492529
flat,260269,0.716406328017935
ranch,3655,0.47133443284093995
moor,55,0.2302326100726791
harsh,4912,0.4883166315709442
corn,4990,0.4892217846715035
than,702493,0.7734523706993328
brad,2,0.03982326329463344
burl,2,0.03982326329463344
chuck,12547,0.5421959134714197
nad,55,0.2302326100726791
send,324166,0.7290195221765513
groin,1299,0.41189940805157255
land,75077,0.6449808928733493
rent,10741,0.5332669747640087
rate,87419,0.6537251206488045
bin,15833,0.5555602893850544
cup,27794,0.5878903611212779
job,152137,0.6855579370292754
meek,1500,0.4201651671893243
brief,19497,0.5675199128147195
plot,17286,0.5606046793061935
perk,55,0.2302326100726791
lost,78092,0.6472430039174265
shot,42216,0.6119044424805419
gust,300,0.3276984133154182
hum,2852,0.45708178947675043
brooch,68,0.24242263552340965
tog,2,0.03982326329463344
slum,469,0.3533695012229148
dare,55,0.2302326100726791
reef,2983,0.45966193854198883
rough,10150,0.5300154615143213
lean,4549,0.4839057620843089
lack,41018,0.610250473256267
lodge,3578,0.47011114109086033
rank,9514,0.5262977290304116
flow,21065,0.5719640202307383
scan,14018,0.5485651694941545
bid,121987,0.6728685069768562
chair,18591,0.564786134210198
sex,65482,0.6371248535314745
cleft,387,0.3423283279895697
tell,260269,0.716406328017935
cite,6153,0.5012583730500837
bloat,55,0.2302326100726791
whirl,389,0.34262447722502987
thrush,239,0.31463829915004743
peak,8421,0.5192864269470352
still,363409,0.7355848397883158
skill,18473,0.5644203098959127
corpse,1987,0.4363186524651978
worse,34814,0.6008287047112597
flail,218,0.3093544496868358
hard,176372,0.6940502671084013
suit,18278,0.5638106173210228
scoop,2579,0.4513009566210648
coach,8819,0.521939592570047
strange,32166,0.5962836341365124
rone,260269,0.716406328017935
trance,2324,0.4453194346000508
feel,162050,0.6891845603309282
comb,1616,0.4244447621275102
bore,3600,0.47046331888302434
fist,6038,0.5001744142606264
slop,409,0.34550492125576604
launch,13021,0.5443263702358163
knot,2003,0.4367794294670869
leave,76508,0.6460656629261835
host,35398,0.6017844736191512
jack,2,0.03982326329463344
folk,11994,0.5396062234769932
zen,2,0.03982326329463344
mood,7398,0.5118452007431437
gouge,306,0.32883613018545466
zit,2,0.03982326329463344
blew,5339,0.49310573692533555
brought,39794,0.6085099486951611
week,260269,0.716406328017935
gauze,306,0.32883613018545466
golf,10450,0.5316889630656
switch,39076,0.6074638660885707
howl,3227,0.46417907537423614
swank,125,0.27740026162171816
melt,2783,0.45567471120319153
verb,2103,0.4395784644319707
faint,2515,0.4498572289989313
glide,1430,0.4174194585687644
trash,9770,0.5278232203350188
roof,5628,0.49613440679052095
slid,4982,0.4891296020212143
sing,10919,0.5342112806716064
pact,55,0.2302326100726791
yen,3688,0.47185083103555137
shave,1844,0.43202756774091794
wish,74282,0.6443692735292498
prone,55,0.2302326100726791
limp,1598,0.42380122656257035
pond,3606,0.47055899388343114
save,62634,0.6345700968290648
weird,16202,0.5568839060485619
length,50775,0.6225105103035824
bless,3929,0.4754876313000868
hare,1948,0.43517977900929794
tongue,14965,0.5523209711243704
tough,17336,0.5607706225342245
hasp,2,0.03982326329463344
sprung,960,0.39452471262004596
thick,11431,0.5368440317636791
pump,55,0.2302326100726791
hint,10533,0.5321434842781797
plead,55,0.2302326100726791
tall,11348,0.536425347402252
germ,647,0.37185457554878354
flown,2273,0.44404459697996634
dose,55,0.2302326100726791
salve,1854,0.4323382922650345
glow,55,0.2302326100726791
dress,12386,0.541453922270503
speck,495,0.3564693680293576
wash,55,0.2302326100726791
tays,260269,0.716406328017935
raid,55,0.2302326100726791
queen,17475,0.561229442162727
foul,4074,0.4775697433316083
past,89392,0.6550073839463549
rant,2864,0.4573230193250601
close,84929,0.6520649042532944
lap,6366,0.503213582356395
jail,9661,0.5271786396592794
strife,893,0.3903681901581756
lath,63,0.2380347921792636
bat,6471,0.5041534719112928
corps,9469,0.5260253398459986
stump,867,0.38867059684662475
snob,455,0.351628373297943
hip,6838,0.5073228360109012
prompt,14841,0.5518429337268718
scout,7493,0.5125782733875827
fuzz,728,0.3786314093079373
seem,260269,0.716406328017935
mesh,1957,0.43544460683810404
glen,6173,0.5014448175572639
sap,3704,0.47209954494979783
rave,55,0.2302326100726791
boil,3839,0.4741562755878017
fought,8256,0.5181495287790311
huck,2,0.03982326329463344
ditch,1737,0.42859317360499777
booth,55,0.2302326100726791
graze,265,0.32057123826669276
tube,14621,0.5509848890375725
noon,4850,0.48758683787849605
lane,14141,0.5490670866328244
slot,11958,0.5394335194657816
cheek,3557,0.46977294549235044
grub,186,0.3002339063548108
gulf,6447,0.5039399915933347
bail,2585,0.4514344644064732
green,90775,0.6558894413369498
moose,55,0.2302326100726791
pride,8229,0.517961330095658
rage,6291,0.5025326923715935
scrub,877,0.38932946673339824
skit,807,0.3845503498151558
yet,159996,0.6884516855141257
game,197273,0.7004845902076211
svelte,85,0.2552428628080488
weight,33960,0.5994017923852463
can,1625075,0.8216365499364195
trait,2085,0.4390845975702938
sewn,561,0.36366034411125503
vest,1240,0.40922880783964444
night,97526,0.6600108249754695
cent,6307,0.5026786275495146
trust,29360,0.5910395247239193
steel,18416,0.5642427602957114
strewn,349,0.33639041938902864
phage,2,0.03982326329463344
mass,33837,0.5991933257816283
glue,5285,0.49252168586375633
suck,13816,0.5477312488002808
roll,260269,0.716406328017935
dig,8931,0.5226646406534635
spleen,19537,0.5676376621503298
pick,45299,0.6159540427944138
pause,4819,0.4872184350113783
spat,690,0.3755513949525242
mince,278,0.3233227280126819
feat,1609,0.4241953541257447
lull,479,0.35458163108705865
roach,810,0.3847635330818964
rapt,134,0.2813947302949631
pill,2807,0.456168047968696
calm,6302,0.5026330626137714
pair,23221,0.5775624616596504
bolt,7297,0.5110554318903117
fall,46061,0.616912450576067
brunt,539,0.3613619246439433
jute,2,0.03982326329463344
sheath,894,0.39043249103166666
bait,4291,0.4805512282532514
bass,17077,0.559905800373619
dive,55,0.2302326100726791
does,260269,0.716406328017935
dance,260269,0.716406328017935
search,78525,0.6475606850935193
rot,2379,0.44666327870487127
chick,3180,0.4633361438342989
rang,260269,0.716406328017935
boom,4286,0.4804842434905426
gilt,376,0.34067164421769447
hinge,957,0.39434489142640294
hair,42605,0.6124314182390549
gush,445,0.35035159132114085
math,18406,0.5642115545894058
drug,37441,0.6050082113099122
wit,55,0.2302326100726791
hoop,1281,0.41109772772600445
fiend,1084,0.4015040758495714
punk,6663,0.505833345244068
lurk,1852,0.4322762816551644
serge,914,0.39170362306875023
days,260269,0.716406328017935
taut,545,0.36199794026610843
crop,4788,0.48684765459291196
creek,55,0.2302326100726791
line,239806,0.7117017777232479
wrest,152,0.28863612570828173
sut,260269,0.716406328017935
dune,2293,0.4445479100934533
lard,604,0.36790342435653206
mark,103561,0.6634603960837923
shut,19702,0.5681208432666278
next,188011,0.6977217939317703
bronze,5286,0.4925325557577377
troop,2301,0.44474800720287305
such,371017,0.7367752026698837
punch,9483,0.5261102216198323
while,284230,0.7214660866955261
trot,866,0.3886042923678667
yon,281,0.32393940110095415
use,677373,0.7713603205811037
char,19945,0.5688251190589111
farce,2076,0.43883606297449734
pound,7613,0.5134910873640017
post,275953,0.7197681714125967
dwelt,172,0.29573809662215805
natch,260269,0.716406328017935
clang,277,0.32311569058334627
face,77708,0.6469597955827803
brow,55,0.2302326100726791
room,85140,0.6522074646515156
pram,933,0.39288569363975473
box,171532,0.6924516099392845
fad,1100,0.40234589053585196
fifth,8865,0.5222384882821357
guilt,5018,0.4895432641444046
loose,25761,0.5835263336435236
ram,65792,0.6373962006175965
bard,1204,0.40753613084474316
flux,5582,0.4956628912223782
hold,71052,0.6418151129646575
flesh,11268,0.5360188878048165
mere,9456,0.5259464086084241
fore,1704,0.42749116759768807
coil,3386,0.4669423477141889
skeet,183,0.2992996935034194
stunk,259,0.3192554672231411
prize,8219,0.5178914701351204
bench,5362,0.49335270767527784
cyst,308,0.329210417010625
storm,19848,0.5685450228102544
tryst,108,0.2690016635242846
bar,31563,0.5951963712865121
stride,906,0.39119854004023785
strength,25723,0.5834415225283729
leap,6092,0.5006859514439009
world,295525,0.7237050040803239
speak,260269,0.716406328017935
pane,55,0.2302326100726791
gun,47276,0.6184083016316596
kit,24868,0.5814994046636431
rack,11657,0.5379688371224641
mouch,55,0.2302326100726791
shed,6229,0.5019636661359611
fair,45323,0.6159844739881514
shove,2257,0.4436387475256361
thing,243606,0.7126050454533326
squall,199,0.3041153129461899
board,79619,0.6483555858500015
mask,12363,0.5413471369181122
plough,308,0.329210417010625
vein,2171,0.44140678533036115
wrath,5645,0.4963076878614565
meant,36603,0.6037077001900475
snap,8367,0.5189168220839139
cad,8112,0.5171386025597767
hank,2,0.03982326329463344
rare,260269,0.716406328017935
straw,3851,0.47433558233766165
thong,512,0.35840936965170095
clay,10799,0.5335763779090965
thwack,130,0.2796536023699913
cam,3833,0.474066411923286
piece,46131,0.6169996967250942
toad,55,0.2302326100726791
mive,260269,0.716406328017935
spin,10685,0.5329666512788712
pen,7904,0.5156462374990005
chive,15,0.1555851328522453
soft,22235,0.5750696170606902
kiss,12850,0.5435668653029745
pile,5668,0.4965412981829211
wire,16617,0.5583369785428433
stretch,9426,0.5257638446655878
think,652946,0.7692502133121532
hug,3803,0.4736149730542385
clod,194,0.30265333013068396
thwart,508,0.35795875695376767
group,260269,0.716406328017935
space,113078,0.6685114780633669
sun,74085,0.644216703037544
lurch,297,0.3271209931337908
cuff,837,0.3866474010168558
heal,4321,0.48095150500798467
hope,150677,0.6850039218667904
spring,26154,0.5843961936582792
lobe,466,0.3530008187312091
brown,260269,0.716406328017935
prime,22013,0.5744931103687472
tap,11397,0.5366728912803868
male,58589,0.63073447180865
cold,34856,0.6008979746673365
smug,1004,0.39709940440288644
watt,3448,0.4679848331835906
moth,55,0.2302326100726791
bus,55,0.2302326100726791
fraud,7667,0.5138971692275129
rest,78612,0.6476243034168851
par,9476,0.526067796408635
duck,6831,0.5072639919394363
soap,8039,0.5166192434183533
flung,788,0.38318150304081805
breathe,3119,0.46222335391376346
like,1060833,0.7971329478785266
hoarse,214,0.30829047808616533
dill,493,0.3562367651834334
gem,3225,0.46414345675904245
book,190907,0.6986000135961825
chute,1115,0.403124044523512
rape,12686,0.5428288959452507
midst,2426,0.4477872615866583
fund,17737,0.5620844301104196
sup,1124,0.40358592769022106
thank,95708,0.6589297283066985
brace,1420,0.4170162791986215
move,260269,0.716406328017935
nape,177,0.2973844220014212
keep,183908,0.6964541065989328
spur,1021,0.39806406708125464
hung,8537,0.5200724431740431
back,393092,0.7400957344788769
hose,3876,0.4747073503261303
swoop,724,0.37831486401975506
yelp,214,0.30829047808616533
chef,1420,0.4170162791986215
crumb,342,0.33522635707569337
round,47082,0.6181720553430212
best,260269,0.716406328017935
rhyme,1632,0.4250108043856492
swamp,55,0.2302326100726791
stray,1888,0.43338235949624915
crate,2140,0.44058049525470483
sear,267,0.32100321642557406
coupe,1128,0.40379002319603374
jade,7030,0.5089137859934769
lamp,6659,0.5057988442224833
reap,1435,0.4176199921910883
six,43681,0.6138643840463089
strung,939,0.3932539822372104
crush,3573,0.4700307987138084
grief,3905,0.4751356088081276
horse,23857,0.5791148733820236
jug,839,0.38678451999475144
bloke,888,0.3900456018627956
skirt,4930,0.48852678235197294
jape,2,0.03982326329463344
song,59803,0.6319127638152341
lump,2581,0.4513454936965255
plain,23528,0.5783170562249343
numb,1273,0.4107378028247111
branch,13546,0.5465973575555152
coal,4840,0.4874682561553524
skate,10330,0.5310254004500705
whack,1783,0.4300948670061879
stand,48718,0.6201345179639133
teak,2,0.03982326329463344
yacht,1008,0.39732784535779736
strain,9707,0.5274515470214018
tong,1240,0.40922880783964444
plank,597,0.36723369192452915
thief,4278,0.4803769051604563
set,288328,0.7222885210870438
starm,55,0.2302326100726791
soup,6048,0.5002694876307701
rice,16537,0.5580597127602598
shin,1607,0.424123895379633
glare,910,0.3914516365925765
hut,1870,0.4328319823014553
terse,618,0.3692199132866953
mix,19761,0.568292635536307
puff,1198,0.4072491053128775
floe,491,0.35600321679488633
hone,317,0.33086517273832106
queue,5939,0.4992246005900434
fork,11255,0.5359525656629159
then,705902,0.7737304987260609
goes,260269,0.716406328017935
dank,596,0.36713737534796087
scheme,15926,0.5558967689938493
hob,2,0.03982326329463344
roam,1101,0.40239809664981874
shrink,4087,0.4777527815254098
grist,267,0.32100321642557406
cab,3389,0.46699322844766994
lear,55,0.2302326100726791
mist,3268,0.46490443244653945
quell,260,0.3194768656646248
glass,20770,0.5711537482507073
bork,260269,0.716406328017935
broke,55,0.2302326100726791
will,260269,0.716406328017935
dirge,115,0.27260975267955156
steer,2274,0.4440698676311181
peep,624,0.3697750173583249
kite,2348,0.44590970853678635
clot,273,0.3222799984023762
font,19612,0.5678577938066445
news,149046,0.6843786346405261
whorl,31,0.19729226408183806
gore,5184,0.4914130956811576
mush,55,0.2302326100726791
cliff,5134,0.49085626999604137
sleek,528,0.36017728835564605
glib,345,0.3357281316578908
clock,24498,0.5806381664382281
has,1175964,0.8030525300261752
merge,3685,0.47180407707300875
sat,33314,0.5982983745588639
side,112410,0.6681710732611869
bant,260269,0.716406328017935
trunk,55,0.2302326100726791
quiz,2917,0.4583764996964119
sale,95393,0.6587403242104581
pinch,1994,0.4365206972708986
purse,1864,0.432647345320476
whose,40625,0.6096973545709821
hilt,712,0.3773546273311351
year,260269,0.716406328017935
gloom,3146,0.46271856089363134
sloe,31,0.19729226408183806
lease,3327,0.4659324254954392
fern,571,0.3646754380872591
front,77891,0.6470949361906907
god,129946,0.6764997838982618
mar,40593,0.6096520815901629
oust,207,0.306379756762324
tease,1425,0.4172182225505328
gill,1750,0.4290215591389367
bunch,30312,0.5928728713537702
pipe,12207,0.5406175674386623
hook,11612,0.537746620411465
trace,8556,0.5202001684550897
luck,60631,0.6327027681030524
torque,3250,0.4645871101178034
guile,422,0.3473026292105003
laugh,13451,0.5461930133059372
yolk,326,0.33247359946126326
dam,3373,0.4667213423468073
belch,285,0.32475146867662674
brat,1082,0.40139797642058667
did,260269,0.716406328017935
dry,19384,0.5671859611445562
brisk,350,0.3365548052650306
romp,420,0.34702969366409725
fill,26445,0.5850319069797336
cough,2217,0.44261140098402607
retch,291,0.32594844581438975
sheaf,80,0.2517598070524398
slob,381,0.34143060934284003
blanch,94,0.2610251176284276
till,17334,0.5607639939995224
sponge,1599,0.4238371682743883
palm,5992,0.4997350388980173
glint,814,0.3850465524939624
freeze,5682,0.4966830320948979
sprite,2149,0.44082161261499553
them,801562,0.7810319429962657
code,148175,0.6840419050463272
york,2,0.03982326329463344
grand,22148,0.5748443775712171
tar,8297,0.5184341382903344
flange,468,0.3532468697473973
old,238323,0.7113453767857885
fort,8422,0.5192932491075215
lint,1006,0.39721373841965874
silk,3866,0.4745589316838721
surf,5925,0.49908900721244953
crux,847,0.3873297466201312
bake,2530,0.450198872172958
mob,7531,0.5128689033110795
souse,2,0.03982326329463344
brain,54115,0.6261706748736966
glad,25588,0.5831392033687485
pimp,990,0.396292631323991
drone,870,0.3888690523961694
deft,201,0.30468984597866894
says,260269,0.716406328017935
quit,16825,0.5590516691468903
verge,1610,0.4242310501967701
kilt,430,0.34838158720143064
forge,3721,0.4723626290501603
screw,9545,0.5264846264677503
gear,55,0.2302326100726791
yes,197094,0.700432435456915
beech,511,0.3582970473784523
ounce,2262,0.4437658837237152
ref,5667,0.4965311609399363
toil,371,0.33990251861537185
vail,2,0.03982326329463344
pang,730,0.3787890303244067
flea,3445,0.46793482346814463
berth,395,0.3435038743602042
rod,19567,0.5677258160513204
chum,303,0.32827008792731566
fun,75698,0.6454541597377867
lake,21616,0.5734475030494381
prove,31647,0.5953490699131899
sum,13674,0.5471376966986505
stook,55,0.2302326100726791
dint,2,0.03982326329463344
drill,5864,0.49849444387882585
snuck,2,0.03982326329463344
fuel,16554,0.5581187438020456
map,25880,0.5837911193065899
dramp,55,0.2302326100726791
dud,411,0.3457851794918317
try,272683,0.7190832985252144
mode,65880,0.6374729952179042
scene,31920,0.5958425560777456
fowl,55,0.2302326100726791
feet,40145,0.6090144851788852
bridge,19358,0.5671088472288883
point,256290,0.7155212043046435
sketch,2055,0.43825193336573776
won,27565,0.587415035633156
sunk,1554,0.4221971094961138
swing,7718,0.5142780733263774
noose,311,0.3297673146614155
end,227506,0.7086766767282738
gene,25572,0.5831032672772143
dusk,797,0.3838339711512935
gripe,1431,0.41745962132780445
kneel,735,0.3791812012974155
stung,537,0.36114834512486554
cask,250,0.3172235249163516
paunch,47,0.22120185433379416
fan,37454,0.605028156212124
strove,280,0.32373457798039146
thin,14259,0.54954451425956
kick,19879,0.5686346866620419
whig,88,0.25723564608267335
salt,15260,0.5534425010779603
mint,84437,0.6517311079878065
dish,55,0.2302326100726791
take,330818,0.7301865410010401
rouse,55,0.2302326100726791
hub,4476,0.48297631108006206
sod,1078,0.40118518793857666
shone,55,0.2302326100726791
paste,6658,0.5057902157288924
gourd,187,0.3005419651329158
scarf,828,0.38602628335159084
mute,1379,0.41533301067413625
gnome,578,0.36537548116291896
stow,182,0.2989848827186704
clear,260269,0.716406328017935
love,260269,0.716406328017935
beard,3175,0.4632457381123129
play,149548,0.6845718156492246
spell,21474,0.5730688383658844
fray,817,0.38525790585727265
praise,5986,0.49967748054509775
twitch,788,0.38318150304081805
gibe,29,0.19346065624929068
come,260269,0.716406328017935
fourth,15703,0.5550866142526564
flax,344,0.3355613599167915
babe,3165,0.4630644987681122
squaw,357,0.33769252213506706
fright,604,0.36790342435653206
quack,630,0.3703248093478031
tore,1616,0.4244447621275102
church,49076,0.620555161419313
foth,260269,0.716406328017935
port,62055,0.6340365225047208
spade,1059,0.40016353849566494
stab,1642,0.4253617695849798
stair,926,0.392453018360531
naught,469,0.3533695012229148
truth,52773,0.6247279358931752
said,260269,0.716406328017935
sure,260478,0.7164524450035666
rull,260269,0.716406328017935
daunt,14,0.15162129751721853
pool,16202,0.5568839060485619
choke,2961,0.45923664651305773
gum,2609,0.45196541458003836
pearl,10740,0.5332616255880385
known,260269,0.716406328017935
glee,635,0.37077898423840683
butte,358,0.33785322944115975
prick,3226,0.46416126882691644
gland,742,0.3797257819100053
rope,6360,0.5031594071289324
truck,10205,0.5303259417929653
held,260269,0.716406328017935
bathe,672,0.37403272967409157
cock,23325,0.5778192013875668
tug,1179,0.40633061400943543
tight,19368,0.5671385186773953
newt,8880,0.5223356190313351
snort,590,0.3665560601916214
ton,55,0.2302326100726791
chess,11303,0.5361970678117356
short,95523,0.6588185666661461
fleet,7734,0.5143970541081544
strap,3353,0.46637966530964375
coop,853,0.3877352976532658
ken,2,0.03982326329463344
reed,6654,0.5057556887900726
slung,234,0.3134236064527638
sky,19797,0.5683972061542255
coin,6377,0.5033127711229511
crook,1173,0.4060374867181275
mitt,165,0.2933509890510183
sand,260269,0.716406328017935
brew,2990,0.45979660117563687
whiz,867,0.38867059684662475
crest,1291,0.4115444859994848
blank,15242,0.5533746923466998
pelt,389,0.34262447722502987
sent,91675,0.6564562592205129
crew,15255,0.5534236733457036
throng,131,0.2800938560527569
chin,4749,0.48637776413589473
fate,8497,0.5198026160984499
wretch,155,0.2897590179557441
waste,27083,0.5864015317712391
voice,81829,0.6499285836385555
bare,8496,0.5197958541582942
flee,1508,0.42047076804000943
ran,30988,0.5941400714788477
prow,67,0.24157146700032966
spoke,12639,0.5426156453351715
score,23266,0.5776736918060813
most,495367,0.7533820000885376
your,260269,0.716406328017935
rasp,124,0.27693879067110494
crass,645,0.3716767028851365
school,119953,0.671902467477652
wood,24037,0.5795467252672343
helm,4961,0.48888691649214316
squeeze,3916,0.4752972202352747
neat,11903,0.539168659573739
whelp,2829,0.4566165818785819
spouse,4417,0.48221396622940627
quartz,686,0.37521736596238875
shrine,2378,0.44663912363852126
felt,50233,0.6218939308300292
whence,753,0.3805712567919588
strut,733,0.3790246539949255
skiff,2,0.03982326329463344
spike,4228,0.4797014585791171
steak,55,0.2302326100726791
grit,1079,0.40123845898965066
sense,260269,0.716406328017935
quake,3999,0.4765022130930685
truce,934,0.3929472392529967
sack,2222,0.44274082844238294
dole,6480,0.5042333229657968
malt,1884,0.43326050828521356
since,320456,0.7283581971449768
trade,76386,0.6459739752723501
pole,5732,0.497186389305069
bite,8164,0.5175057145083262
scale,24683,0.5810703993191514
lid,2900,0.45804069058636965
prank,1116,0.40317554862778343
clause,6675,0.5059367241733861
ledge,1579,0.4231140268903471
their,844724,0.7840452070607979
chunk,4239,0.47985073965262515
nice,113121,0.6685333214091097
swarm,55,0.2302326100726791
pub,102711,0.6629868933571212
smack,2234,0.44305026989671864
binge,293,0.3263419598491593
keg,1154,0.40509925902236116
ant,2775,0.45550931972670733
curt,2745,0.4548848263556647
ward,24384,0.5803701891106406
soil,7609,0.5134608927373878
lush,1020,0.39800776837565494
coke,2,0.03982326329463344
gang,7823,0.5150544247017803
jam,10906,0.5341428374361971
lock,18223,0.5636374764351737
stare,2909,0.4582187163511943
shore,6113,0.5008836590234881
scourge,543,0.3617867164088274
bash,4674,0.4854631821919513
rain,17803,0.5622978173233542
bent,8477,0.5196672258520615
blitz,1458,0.4185335371646689
boar,416,0.34647990167461906
mind,131158,0.6770331600501163
fox,13961,0.5483310785312762
drought,1071,0.40081090111340634
walk,33095,0.5979194435654893
hurl,518,0.3590787305177745
moll,388,0.3424765934253174
bunk,1073,0.4009180892498467
cole,3946,0.47573568197516525
flake,636,0.37086938996039287
sphere,12409,0.5415605095132335
grind,3062,0.4611636859534787
drag,11910,0.5392024369040087
coast,22190,0.5749532241294456
wide,63299,0.635176871596557
spit,3742,0.47268596081973774
slept,3158,0.4629372901849806
tusk,220,0.309879136661946
crunch,1773,0.42977173440822963
harp,1669,0.4262988041041664
nerve,4198,0.4792923458288009
boot,43870,0.6141124360546686
shout,3287,0.4652374932312726
ask,138495,0.680160404647705
realm,7246,0.5106524743080675
phint,55,0.2302326100726791
hide,14079,0.548814635828554
pout,336,0.3342094663794581
snack,1671,0.4263676098901952
blouse,1687,0.4269151096805681
sworn,2450,0.44835283948761573
tyme,2,0.03982326329463344
jig,889,0.3901102645870859
hole,25792,0.5835954290510905
clow,55,0.2302326100726791
chase,9068,0.5235392657950058
camp,15940,0.5559472516144663
hear,90311,0.655595015827589
volt,4631,0.48493217971196434
brush,5703,0.4968949795138027
sit,25660,0.5833006381987242
wreath,289,0.32555221786828553
boat,15859,0.5556545575771076
gab,364,0.33880814601330383
brand,25021,0.5818517993679702
gloss,897,0.3906249629854366
hearth,421,0.3471663235131913
braille,530,0.36039450156132624
gain,260269,0.716406328017935
jeer,71,0.24490299873544855
when,260269,0.716406328017935
tooth,260269,0.716406328017935
dream,32425,0.596744390628608
blunt,1715,0.42786085654166134
breeze,2122,0.44009520337805585
dad,11825,0.5387909339794763
grunt,1110,0.40286582914743474
screen,74700,0.6446916660819563
colt,1937,0.43485443396014584
cult,10849,0.5338417739116404
dull,260269,0.716406328017935
fetch,3204,0.46376812199318024
spoon,2626,0.45233855744506174
sweep,3221,0.4640721532134743
clan,4151,0.4786454872170424
cot,544,0.3618924254073099
gob,419,0.3468927381177962
mule,1490,0.4197808659272335
sneak,2641,0.45266580054242994
flute,3493,0.46872980172554907
scrap,2408,0.4473593941393766
sheen,780,0.38259524464296407
plush,697,0.3761313130287399
thug,833,0.386372177379313
sound,122383,0.6730547109986594
bath,5623,0.49608334214893407
name,297697,0.7241257170422944
chance,58967,0.6311039509079103
jock,949,0.39386259835731907
spite,5830,0.49816035776009926
gal,3235,0.4643213294226896
grudge,735,0.3791812012974155
sparse,1315,0.41260274138872194
cheat,6139,0.5011275009559832
friend,81055,0.6493825653575398
muck,1237,0.40908964065540765
pal,12347,0.5412727342212327
chap,1622,0.4246576820418667
veil,1870,0.4328319823014553
work,260269,0.716406328017935
stew,1558,0.422344803213612
moan,2143,0.4406609801959092
dean,14490,0.5504678081534485
sprout,409,0.34550492125576604
strive,55,0.2302326100726791
base,260269,0.716406328017935
skull,7304,0.5111105198708722
scrape,1142,0.4044987013818926
plus,99586,0.6612117374270432
quench,245,0.3160628223190763
crown,55,0.2302326100726791
pop,22984,0.5769730692209468
rub,4233,0.47976936170068085
fame,6091,0.5006765198056187
pour,55,0.2302326100726791
coarse,1298,0.4118551625164884
cool,260269,0.716406328017935
pip,846,0.38726187558510605
mane,514,0.3586333575551624
trip,28401,0.5891315826129563
else,176436,0.6940711111981398
slick,4657,0.4852538371921478
shade,6049,0.5002789863204613
wove,55,0.2302326100726791
slide,10006,0.5291945300314647
tote,970,0.39512008400459
non,2,0.03982326329463344
shirt,8157,0.5174564320138797
tuck,1006,0.39721373841965874
ink,5598,0.49582733591272743
vex,126,0.277858055473897
have,260269,0.716406328017935
foil,5407,0.49383286222056816
far,176814,0.6941940676082605
couch,4973,0.489025719437371
flush,4225,0.4796606781507158
clash,4181,0.4790592155373359
pull,260269,0.716406328017935
light,96807,0.6595856911147103
bud,5261,0.4922601895300542
bush,55,0.2302326100726791
crepe,138,0.2830846410786182
lance,7265,0.5108029262808733
rum,959,0.39446483473607763
mild,55,0.2302326100726791
raft,843,0.3870577800792934
tear,6619,0.5054526896915834
twin,7942,0.5159217911421693
bale,559,0.363455155234343
not,2605566,0.8487597961151394
mouse,55,0.2302326100726791
root,260269,0.716406328017935
height,12054,0.53989291481274
bulb,3248,0.4645517436504095
sniff,1870,0.4328319823014553
cute,11010,0.5346881138183582
gift,11724,0.5382981087340855
muff,350,0.3365548052650306
spray,5155,0.49109079443751286
whip,4963,0.4889100736163854
hate,44132,0.6144545347452647
false,2,0.03982326329463344
chomp,219,0.30961739213420647
mess,13192,0.5450759656540936
chain,23317,0.5777994928587625
pose,55,0.2302326100726791
beat,33106,0.5979385363609141
meal,6530,0.5046749302473671
small,260269,0.716406328017935
cheer,1906,0.43392751426675175
bob,63944,0.6357593380455129
once,188864,0.6979818660668536
mike,2,0.03982326329463344
slash,3073,0.4613697109726718
fret,1922,0.4344077914583096
guise,1141,0.40444837038921494
rim,3713,0.4722389748200923
mat,3516,0.46910686541676544
strike,16027,0.5562599746144052
flirt,55,0.2302326100726791
seal,6423,0.5037257150765442
surge,4330,0.4810710462417727
trig,327,0.33264956537054163
bit,159208,0.6881680241712385
jot,543,0.3617867164088274
bleed,2528,0.45015343695946536
quo,2,0.03982326329463344
rock,44287,0.6146559664944251
pry,1110,0.40286582914743474
got,260269,0.716406328017935
whom,28335,0.5889979148138423
french,2,0.03982326329463344
depth,12606,0.542465441786959
putt,717,0.37775667812838665
globe,5454,0.4943301091786276
brute,2818,0.4563927526352729
stink,1544,0.4218262055322196
bank,39508,0.6080955435341936
stalk,725,0.37839416399710274
bowl,55,0.2302326100726791
bust,3080,0.4615004341791645
plumb,342,0.33522635707569337
tree,27220,0.586691425650089
flay,61,0.23618131452508015
doubt,48654,0.6200589935565807
clam,770,0.3818539075898976
gloat,315,0.33050154605316967
prowl,380,0.3412796162875544
crave,55,0.2302326100726791
guild,3652,0.47128725657623877
stir,4525,0.48360184517830024
tire,6157,0.5012957103865511
foot,260269,0.716406328017935
swine,802,0.3841932770407443
tent,3189,0.463498516503282
steep,3258,0.4647283586818001
leaf,55,0.2302326100726791
stack,14656,0.551122256241473
slug,4599,0.48453380533513085
louse,102,0.26571775120711544
nurse,6642,0.5056519833025876
pest,1077,0.401131867448005
cane,5407,0.49383286222056816
breed,15243,0.5533784615987573
greed,4309,0.4807917287998866
phrase,12899,0.5437855294683531
bond,12957,0.544043285456003
jinx,493,0.3562367651834334
nab,321,0.3315855937698711
sick,22111,0.5747483177867438
brick,3971,0.47609852784753587
blush,1256,0.4099653926015077
call,241964,0.7122164798608694
rip,8028,0.5165405751955513
mare,1432,0.4174997560304266
orb,8505,0.5198566829881874
page,260269,0.716406328017935
told,104949,0.6642253061435669
vault,9410,0.5256662395039222
grate,736,0.3792593152788127
fuss,1988,0.43634755954730053
plump,500,0.357046788210985
stripe,1762,0.4294141767793984
poor,260269,0.716406328017935
lob,471,0.35361398169594666
grass,7356,0.5115180995982725
swam,696,0.37604882511153026
squeal,591,0.3666533554298904
hunt,15348,0.5537728632371168
block,33259,0.5982034439994895
choose,260269,0.716406328017935
plow,55,0.2302326100726791
schnook,2,0.03982326329463344
ware,1933,0.4347356683892386
craze,695,0.3759662185919545
kill,70817,0.641624776441549
plane,260269,0.716406328017935
blue,89007,0.6547594075366334
crust,1477,0.419277400138452
dine,572,0.36477596798949175
foal,265,0.32057123826669276
for,4958038,0.8857226551397748
duke,12037,0.5398118307416713
growth,36596,0.6036967117947827
smell,9695,0.5273804786798374
steed,426,0.3478446410084212
thrill,2571,0.4511224622655562
yearn,350,0.3365548052650306
wont,5410,0.49386473029449274
march,74697,0.6446893586932748
phase,55,0.2302326100726791
purge,2889,0.4578223517265496
hill,31348,0.5948036766750607
loom,645,0.3716767028851365
lass,727,0.3785524363409086
pup,1766,0.42954445534875263
clue,17915,0.5626581251474275
shake,5294,0.492619440953075
flock,1862,0.4325856675641851
peat,652,0.3722968627558967
shield,14026,0.5485979481711053
mose,55,0.2302326100726791
mail,260348,0.7164237641491705
gunk,425,0.3477096166819549
nouse,55,0.2302326100726791
drain,14862,0.5519241719529657
gold,53069,0.625049284325324
beer,260269,0.716406328017935
grille,364,0.33880814601330383
hell,62008,0.633992991671529
jerk,4774,0.4866794177978296
pons,2,0.03982326329463344
bold,5488,0.49468715584628914
made,271086,0.718745830135232
slang,1955,0.4353858616136943
tempt,477,0.35434124234946524
king,52585,0.6245228989246745
push,260269,0.716406328017935
reat,260269,0.716406328017935
bitch,9408,0.5256540271913102
first,518926,0.7560513955745994
least,201526,0.7017100502837139
toll,7572,0.5131808375744272
hull,55,0.2302326100726791
hiss,1136,0.40419605191398233
thud,467,0.35312397595836326
shift,15460,0.5541905952994518
west,62840,0.6347587461504215
punt,502,0.357276141108253
pew,278,0.3233227280126819
lunch,55,0.2302326100726791
word,260269,0.716406328017935
dent,2467,0.44875011502458717
clad,878,0.38939494004472014
weep,828,0.38602628335159084
flour,55,0.2302326100726791
sad,17185,0.5602680048913775
kelp,1915,0.4341981640319653
deak,260269,0.716406328017935
flair,5011,0.48946306276110046
nudge,823,0.38567829425338834
pint,55,0.2302326100726791
myth,8164,0.5175057145083262
pulse,5498,0.4947917486741332
put,260269,0.716406328017935
race,46407,0.6173424105631413
dust,18647,0.564958934070317
beef,5287,0.49254342359555825
let,206687,0.7031628694108369
fling,768,0.3817044853354068
lode,601,0.3676173516104585
strong,69236,0.6403275993140144
aunt,2847,0.4569809773356583
shop,27997,0.5883084563279151
lere,260269,0.716406328017935
shock,11043,0.5348600581907837
chafe,80,0.2517598070524398
store,53128,0.6251131226068635
cant,2,0.03982326329463344
count,34404,0.6001480744264804
wing,55,0.2302326100726791
shag,478,0.35446156244468086
croon,67,0.24157146700032966
sign,39391,0.6079251488425013
hop,4487,0.48311733113728245
boost,4760,0.48651068691453425
feud,820,0.38546848455777005
yore,385,0.3420306442952642
niece,671,0.3739471707238532
stake,4531,0.4836779752571967
loin,557,0.36324923091185596
noise,20805,0.5712504818324939
prod,1750,0.4290215591389367
glean,304,0.3284593890029152
spill,1611,0.42426672410320476
veal,905,0.3911350913043942
house,104155,0.6637889896515586
porch,1682,0.4267445757932148
breath,14434,0.5502453380808253
sought,7070,0.5092397603401011
peace,40410,0.6093924891117436
squire,1683,0.42677872308959425
where,454615,0.7484497902961255
arch,3723,0.4723935010683492
stall,2796,0.4559424610041818
drift,3324,0.4658805961509524
cusp,156,0.290128490769058
flip,5996,0.49977337912264147
cling,1222,0.4083887028298795
real,197765,0.7006276994996546
lime,2088,0.4391672040898695
darn,4518,0.4835128990649315
jog,658,0.3728231518510127
loss,55,0.2302326100726791
sight,14324,0.5498058192329951
stood,260269,0.716406328017935
deem,55,0.2302326100726791
band,49181,0.6206779526477317
star,81635,0.6497922129002933
dope,1902,0.43380681501129376
view,75016,0.6449341935271378
make,520911,0.7562707453286414
hump,769,0.38177924503947164
veer,191,0.30175794331521333
bing,659,0.3729103998927871
want,260269,0.716406328017935
letch,2,0.03982326329463344
czar,453,0.3513752767456044
rinse,1703,0.42745744125420876
string,33206,0.5981118168169975
thrown,10417,0.5315072460206982
vain,2679,0.45348656913651486
hall,33445,0.5985238521623447
nick,17833,0.5623945501295717
spark,3276,0.4650449039699824
staunch,528,0.36017728835564605
wind,23687,0.5787040109479037
last,291286,0.7228749352529791
eighth,2414,0.44750237096422474
tomb,6177,0.5014820339630784
mink,584,0.36596880303976753
sloop,155,0.2897590179557441
crutch,594,0.3669442564284242
vent,2060,0.43839155147689557
door,53815,0.6258512846813726
nap,1646,0.4255015575480218
moist,1793,0.43041619236540285
moon,30691,0.5935867674126218
tract,1677,0.4265735342126823
wait,61761,0.6337636795419583
swore,55,0.2302326100726791
crawl,3133,0.46248066065943483
dead,260269,0.716406328017935
pleat,55,0.2302326100726791
yang,2,0.03982326329463344
jeep,2641,0.45266580054242994
hem,1793,0.43041619236540285
wave,19214,0.566679870501772
serf,552,0.36273116766788505
would,1278504,0.8078557244777892
change,157121,0.6874099160974996
good,260269,0.716406328017935
clove,513,0.35852147275939916
none,90592,0.6557735010562425
date,136276,0.6792324276112975
war,109440,0.6666326907174001
sob,1633,0.425045997541094
nine,14717,0.5513608854132158
pier,1152,0.4049996010191126
cloak,3971,0.47609852784753587
lead,48781,0.620208765462763
stint,625,0.3698670154956242
drawn,11972,0.5395007438397312
hart,2,0.03982326329463344
knob,2051,0.43813999407174437
chat,12000,0.5396349570732245
arc,7837,0.5151571500857939
poise,233,0.31317755543657566
mum,1452,0.41829661796515216
thorn,3728,0.4724706086151095
gout,285,0.32475146867662674
crank,3336,0.466087633580288
spare,10607,0.5325457100469329
crone,212,0.3077510109820536
twist,9437,0.5258308521554651
breach,2606,0.4518993135282975
case,199508,0.7011318410627595
dorm,1652,0.4257106038349339
crime,33498,0.5986148250895509
caught,22731,0.5763371417138685
had,753479,0.7774778436941506
tool,33288,0.5982535178424881
lawn,2665,0.453185543169955
tab,9211,0.5244382122923453
width,7475,0.5124400917549095
toast,3066,0.46123868965142495
tax,62256,0.6342223150376689
clap,934,0.3929472392529967
car,86255,0.6529549870762268
solve,20013,0.5690206641730426
web,140291,0.6809006620512282
lice,398,0.34393857624082336
wick,561,0.36366034411125503
shame,11306,0.5362123147023025
