0, luke, 0.8484848737716675
0, toot, 0.8712121248245239
0, butt, 0.8939393758773804
0, tuck, 0.8712121248245239
0, yap, 0.8409091234207153
0, honor, 0.8636363744735718
0, laws, 0.8712121248245239
0, pane, 0.8712121248245239
0, budge, 0.8863636255264282
0, sawed, 0.8636363744735718
0, ups, 0.8636363744735718
0, lal, 0.8787878751754761
0, cook, 0.8484848737716675
0, here, 0.825757622718811
0, mit, 0.8787878751754761
0, lin, 0.8863636255264282
0, hip, 0.8484848737716675
0, nope, 0.8409091234207153
0, sun, 0.8787878751754761
0, mush, 0.8636363744735718
0, tower, 0.8484848737716675
0, ram, 0.8409091234207153
0, song, 0.8560606241226196
0, neer, 0.8560606241226196
0, shear, 0.8333333730697632
0, god, 0.8863636255264282
0, rush, 0.8333333730697632
0, sore, 0.8333333730697632
0, ways, 0.8560606241226196
0, hole, 0.8409091234207153
0, dad, 0.8939393758773804
0, ever, 0.8484848737716675
0, east, 0.8939393758773804
0, leaf, 0.8484848737716675
0, foal, 0.8484848737716675
0, south, 0.8484848737716675
0, knight, 0.8636363744735718
0, knit, 0.8787878751754761
0, lose, 0.8712121248245239
0, pause, 0.8787878751754761
0, gray, 0.8333333730697632
0, chop, 0.8409091234207153
0, tour, 0.8560606241226196
0, talk, 0.8560606241226196
0, aisles, 0.8787878751754761
0, back, 0.8712121248245239
0, bit, 0.8939393758773804
0, bly, 0.8939393758773804
0, rule, 0.8409091234207153
0, chug, 0.8484848737716675
0, sage, 0.8409091234207153
0, wheat, 0.8636363744735718
0, sewn, 0.8560606241226196
0, did, 0.9015151262283325
0, shave, 0.8181818127632141
0, tongue, 0.8712121248245239
0, buys, 0.8939393758773804
0, young, 0.8712121248245239
0, rock, 0.8333333730697632
0, wire, 0.8409091234207153
0, flow, 0.8484848737716675
0, surf, 0.8333333730697632
0, ditch, 0.8787878751754761
0, teas, 0.8863636255264282
0, worry, 0.8484848737716675
0, ties, 0.8863636255264282
0, boar, 0.8560606241226196
0, toil, 0.8712121248245239
0, bon, 0.9015151262283325
0, grey, 0.8333333730697632
0, wore, 0.8333333730697632
0, gooey, 0.8409091234207153
0, white, 0.8636363744735718
0, died, 0.8939393758773804
0, fuss, 0.8636363744735718
0, job, 0.8560606241226196
0, lit, 0.8787878751754761
0, mam, 0.8712121248245239
0, couch, 0.8484848737716675
0, itty, 0.8712121248245239
0, fish, 0.8484848737716675
0, goin, 0.8636363744735718
0, maam, 0.8712121248245239
0, wooed, 0.8712121248245239
0, some, 0.8636363744735718
0, bomb, 0.8863636255264282
0, eights, 0.8560606241226196
0, bees, 0.8939393758773804
0, chap, 0.8333333730697632
0, have, 0.8333333730697632
0, keep, 0.8484848737716675
0, old, 0.8712121248245239
0, bays, 0.8787878751754761
0, chose, 0.8409091234207153
0, live, 0.8560606241226196
0, coat, 0.8484848737716675
0, gnat, 0.8712121248245239
0, early, 0.8484848737716675
0, ant, 0.8787878751754761
0, worm, 0.8484848737716675
0, jaws, 0.8560606241226196
0, else, 0.8939393758773804
0, perk, 0.8560606241226196
0, guess, 0.8636363744735718
0, feet, 0.8560606241226196
0, down, 0.8939393758773804
0, wert, 0.8560606241226196
0, give, 0.8636363744735718
0, rate, 0.8257575631141663
0, sues, 0.8636363744735718
0, arch, 0.8333333730697632
0, cane, 0.8560606241226196
0, head, 0.8484848737716675
0, check, 0.825757622718811
0, either, 0.8484848737716675
0, chore, 0.8181818723678589
0, tube, 0.8636363744735718
0, vim, 0.8636363744735718
0, dog, 0.8712121248245239
0, shirk, 0.825757622718811
0, lack, 0.8560606241226196
0, haul, 0.8484848737716675
0, dumb, 0.8863636255264282
0, hill, 0.8636363744735718
0, good, 0.8787878751754761
0, threw, 0.8181818127632141
0, beak, 0.8712121248245239
0, shown, 0.8484848737716675
0, been, 0.9015151262283325
0, lung, 0.8787878751754761
0, rub, 0.8333333134651184
0, hurt, 0.8409091234207153
0, ahoy, 0.825757622718811
0, bake, 0.8560606241226196
0, safe, 0.825757622718811
0, whack, 0.8484848737716675
0, peach, 0.8636363744735718
0, dash, 0.8712121248245239
0, your, 0.825757622718811
0, knees, 0.8787878751754761
0, mouse, 0.8787878751754761
0, nice, 0.8712121248245239
0, iron, 0.8636363744735718
0, owned, 0.8863636255264282
0, shell, 0.8484848737716675
0, stir, 0.8560606241226196
0, has, 0.8712121248245239
0, miff, 0.8560606241226196
0, for, 0.8181818127632141
0, shine, 0.8560606241226196
0, eddie, 0.8787878751754761
0, chewed, 0.8484848737716675
0, iced, 0.8787878751754761
0, jeep, 0.8409091234207153
0, ads, 0.9015151262283325
0, jen, 0.8560606241226196
0, palm, 0.8787878751754761
0, let, 0.8636363744735718
0, file, 0.8636363744735718
0, eats, 0.8939393758773804
0, gate, 0.8560606241226196
0, team, 0.8712121248245239
0, knot, 0.8787878751754761
0, oozed, 0.8939393758773804
0, fall, 0.8560606241226196
0, size, 0.8712121248245239
0, search, 0.8409091234207153
0, jake, 0.8257575631141663
0, far, 0.8333333730697632
0, home, 0.8257575631141663
0, boss, 0.8939393758773804
0, seal, 0.8712121248245239
0, gnawed, 0.8636363744735718
0, less, 0.8636363744735718
0, kite, 0.8636363744735718
0, cows, 0.8712121248245239
0, hop, 0.8333333730697632
0, icy, 0.8560606241226196
0, aids, 0.8939393758773804
0, pine, 0.8863636255264282
0, gang, 0.8712121248245239
0, write, 0.8409090638160706
0, mike, 0.8560606241226196
0, achy, 0.8560606241226196
0, peck, 0.8560606241226196
0, heave, 0.8333333730697632
0, yolk, 0.8257575631141663
0, oats, 0.8636363744735718
0, hair, 0.8181818723678589
0, pitch, 0.8712121248245239
0, sly, 0.8712121248245239
0, son, 0.8787878751754761
0, bein, 0.8939393758773804
0, clay, 0.8560606241226196
0, lewd, 0.8712121248245239
0, root, 0.8333333134651184
0, bim, 0.8863636255264282
0, fife, 0.8333333730697632
0, time, 0.8712121248245239
0, arrive, 0.8181818127632141
0, ding, 0.8939393758773804
0, none, 0.8863636255264282
0, flee, 0.8636363744735718
0, feed, 0.8636363744735718
0, tree, 0.8560606241226196
0, suck, 0.8560606241226196
0, right, 0.8409090638160706
0, deer, 0.8712121248245239
0, rid, 0.8636363744735718
0, pat, 0.8787878751754761
0, adieu, 0.8560606241226196
0, type, 0.8636363744735718
0, furs, 0.8560606241226196
0, taught, 0.8712121248245239
0, night, 0.8712121248245239
0, draw, 0.8560606241226196
0, chang, 0.8484848737716675
0, mag, 0.8636363744735718
0, note, 0.8560606241226196
0, pell, 0.8787878751754761
0, wet, 0.8560606241226196
0, guff, 0.8560606241226196
0, allow, 0.8712121248245239
0, pearl, 0.8787878751754761
0, herbs, 0.8560606241226196
0, easy, 0.8863636255264282
0, neighed, 0.8560606241226196
0, ded, 0.8863636255264282
0, light, 0.8712121248245239
0, fog, 0.8484848737716675
0, coos, 0.8560606241226196
0, dime, 0.8787878751754761
0, sowed, 0.8787878751754761
0, fees, 0.8636363744735718
0, hose, 0.8409091234207153
0, dues, 0.8863636255264282
0, dip, 0.8787878751754761
0, fare, 0.825757622718811
0, niece, 0.8712121248245239
0, tall, 0.8787878751754761
0, whoop, 0.8409091234207153
0, sang, 0.8636363744735718
0, hot, 0.8560606241226196
0, toyed, 0.8712121248245239
0, furrow, 0.8333333730697632
0, knows, 0.8712121248245239
0, rays, 0.8333333730697632
0, bus, 0.8939393758773804
0, dim, 0.8863636255264282
0, pen, 0.8787878751754761
0, luck, 0.8636363744735718
0, bare, 0.8560606241226196
0, pup, 0.8712121248245239
0, bar, 0.8712121248245239
0, sieve, 0.8560606241226196
0, few, 0.8333333730697632
0, wail, 0.8560606241226196
0, laid, 0.8636363744735718
0, ian, 0.8863636255264282
0, hoop, 0.825757622718811
0, jazz, 0.8636363744735718
0, peed, 0.8863636255264282
0, wing, 0.8712121248245239
0, zugg, 0.8712121248245239
0, had, 0.8636363744735718
0, mell, 0.8712121248245239
0, beat, 0.8863636255264282
0, clue, 0.8636363744735718
0, days, 0.8787878751754761
0, those, 0.8484848737716675
0, yam, 0.8484848737716675
0, beg, 0.8712121248245239
0, vert, 0.8560606241226196
0, pile, 0.8863636255264282
0, eared, 0.8787878751754761
0, sing, 0.8712121248245239
0, that, 0.8560606241226196
0, zoom, 0.8560606241226196
0, wren, 0.8409091234207153
0, owner, 0.8560606241226196
0, lone, 0.8636363744735718
0, pave, 0.8484848737716675
0, blur, 0.8863636255264282
0, hook, 0.8333333730697632
0, gall, 0.8712121248245239
0, fan, 0.8712121248245239
0, cheep, 0.8333333730697632
0, mire, 0.8484848737716675
0, gag, 0.8636363744735718
0, coil, 0.8560606241226196
0, beam, 0.8787878751754761
0, yes, 0.8484848737716675
0, sack, 0.8484848737716675
0, door, 0.8560606241226196
0, bat, 0.8863636255264282
0, coal, 0.8560606241226196
0, gash, 0.8560606241226196
0, pole, 0.8712121248245239
0, side, 0.8712121248245239
0, suit, 0.8560606241226196
0, act, 0.8712121248245239
0, leave, 0.8560606241226196
0, jim, 0.8560606241226196
0, yak, 0.8409091234207153
0, numb, 0.8712121248245239
0, tar, 0.8636363744735718
0, moi, 0.8636363744735718
0, hell, 0.8484848737716675
0, tough, 0.8636363744735718
0, bate, 0.8712121248245239
0, bathe, 0.8636363744735718
0, wise, 0.8712121248245239
0, hike, 0.8333333730697632
0, phone, 0.8484848737716675
0, fin, 0.8787878751754761
0, sell, 0.8636363744735718
0, cease, 0.8636363744735718
0, nick, 0.8636363744735718
0, wedge, 0.8484848737716675
0, boys, 0.8787878751754761
0, siege, 0.8560606241226196
0, dish, 0.8787878751754761
0, cam, 0.8560606241226196
0, tug, 0.8787878751754761
0, kneel, 0.8787878751754761
0, tows, 0.8712121248245239
0, rot, 0.8484848737716675
0, echo, 0.8409091234207153
0, ivy, 0.8409091234207153
0, mac, 0.8560606241226196
0, tune, 0.8787878751754761
0, duck, 0.8787878751754761
0, hear, 0.825757622718811
0, spa, 0.8560606241226196
0, mole, 0.8636363744735718
0, fun, 0.8636363744735718
0, book, 0.8712121248245239
0, sky, 0.8484848737716675
0, deaf, 0.8560606241226196
0, shade, 0.8409091234207153
0, mom, 0.8712121248245239
0, top, 0.8712121248245239
0, eater, 0.8712121248245239
0, vinn, 0.8787878751754761
0, long, 0.8636363744735718
0, hoof, 0.8181818723678589
0, free, 0.8333333134651184
0, pace, 0.8636363744735718
0, mine, 0.8787878751754761
0, sauce, 0.8560606241226196
0, fine, 0.8636363744735718
0, calm, 0.8636363744735718
0, away, 0.825757622718811
0, dam, 0.8787878751754761
0, pill, 0.8939393758773804
0, qua, 0.8560606241226196
0, mare, 0.8409091234207153
0, sill, 0.8787878751754761
0, pish, 0.8712121248245239
0, bess, 0.8787878751754761
0, mud, 0.8863636255264282
0, chat, 0.8484848737716675
0, bert, 0.8787878751754761
0, ok, 0.8333333730697632
0, soak, 0.8333333730697632
0, war, 0.825757622718811
0, ours, 0.8636363744735718
0, heed, 0.8560606241226196
0, anna, 0.8787878751754761
0, shoes, 0.8636363744735718
0, male, 0.8636363744735718
0, tore, 0.8484848737716675
0, ten, 0.8787878751754761
0, yum, 0.8560606241226196
0, gnome, 0.8484848737716675
0, wide, 0.8712121248245239
0, lawn, 0.8712121248245239
0, whit, 0.8712121248245239
0, jab, 0.8484848737716675
0, curb, 0.8484848737716675
0, make, 0.8409091234207153
0, lopp, 0.8636363744735718
0, sour, 0.8409091234207153
0, bowed, 0.8863636255264282
0, fear, 0.8409091234207153
0, toll, 0.8712121248245239
0, burn, 0.8863636255264282
0, pit, 0.8863636255264282
0, knife, 0.8484848737716675
0, whip, 0.8560606241226196
0, bun, 0.9015151262283325
0, bead, 0.8939393758773804
0, mutt, 0.8787878751754761
0, mayor, 0.8409091234207153
0, map, 0.8560606241226196
0, peg, 0.8636363744735718
0, lock, 0.8636363744735718
0, man, 0.8787878751754761
0, soup, 0.8409091234207153
0, race, 0.8257575631141663
0, bull, 0.8939393758773804
0, pot, 0.8863636255264282
0, surrey, 0.8484848737716675
0, tin, 0.8939393758773804
0, roar, 0.810606062412262
0, tame, 0.8560606241226196
0, paid, 0.8712121248245239
0, gum, 0.8712121248245239
0, fought, 0.8712121248245239
0, shot, 0.8560606241226196
0, fit, 0.8712121248245239
0, sway, 0.8333333730697632
0, chase, 0.8333333134651184
0, red, 0.8484848737716675
0, sob, 0.8636363744735718
0, towed, 0.8712121248245239
0, curd, 0.8636363744735718
0, owns, 0.8787878751754761
0, foog, 0.8409091234207153
0, zack, 0.8560606241226196
0, pet, 0.8712121248245239
0, toad, 0.8712121248245239
0, jawed, 0.8560606241226196
0, rhyme, 0.8333333134651184
0, leash, 0.8484848737716675
0, jut, 0.8636363744735718
0, nack, 0.8560606241226196
0, zone, 0.8636363744735718
0, bill, 0.9015151262283325
0, tick, 0.8712121248245239
0, gays, 0.8636363744735718
0, shore, 0.825757622718811
0, chain, 0.8409091234207153
0, cave, 0.8333333730697632
0, mill, 0.8863636255264282
0, rough, 0.825757622718811
0, jerk, 0.8333333730697632
0, ark, 0.825757622718811
0, eerie, 0.8560606241226196
0, vine, 0.8712121248245239
0, full, 0.8636363744735718
0, hath, 0.8333333730697632
0, bite, 0.8863636255264282
0, hick, 0.8409091234207153
0, dopp, 0.8787878751754761
0, deal, 0.8939393758773804
0, bore, 0.8560606241226196
0, blow, 0.8787878751754761
0, share, 0.8181818723678589
0, cat, 0.8636363744735718
0, doze, 0.8787878751754761
0, goose, 0.8560606241226196
0, spy, 0.8484848737716675
0, flu, 0.8484848737716675
0, rig, 0.8409091234207153
0, oiled, 0.8863636255264282
0, chick, 0.8409091234207153
0, lap, 0.8560606241226196
0, sees, 0.8712121248245239
0, pack, 0.8636363744735718
0, mess, 0.8636363744735718
0, dot, 0.8939393758773804
0, tape, 0.8484848737716675
0, cop, 0.8560606241226196
0, nooth, 0.8560606241226196
0, might, 0.8712121248245239
0, author, 0.825757622718811
0, wag, 0.8560606241226196
0, dame, 0.8636363744735718
0, aha, 0.8333333134651184
0, aimed, 0.8787878751754761
0, upper, 0.8333333730697632
0, sail, 0.8560606241226196
0, shawl, 0.8484848737716675
0, mouth, 0.8560606241226196
0, peel, 0.8863636255264282
0, fed, 0.8636363744735718
0, dear, 0.8712121248245239
0, moos, 0.8712121248245239
0, yopp, 0.8484848737716675
0, wit, 0.8712121248245239
0, bam, 0.8787878751754761
0, knock, 0.8636363744735718
0, tease, 0.8787878751754761
0, boa, 0.8636363744735718
0, urged, 0.8560606241226196
0, pease, 0.8863636255264282
0, car, 0.8409091234207153
0, oaks, 0.8484848737716675
0, what, 0.8712121248245239
0, moss, 0.8636363744735718
0, bog, 0.8863636255264282
0, tom, 0.8787878751754761
0, shuck, 0.8409091234207153
0, jail, 0.8484848737716675
0, daze, 0.8787878751754761
0, moth, 0.8484848737716675
0, slow, 0.8560606241226196
0, thighs, 0.8636363744735718
0, sap, 0.8484848737716675
0, hatch, 0.8333333730697632
0, grew, 0.8409091234207153
0, hall, 0.8484848737716675
0, shows, 0.8560606241226196
0, seen, 0.8712121248245239
0, match, 0.8560606241226196
0, nome, 0.8484848737716675
0, sight, 0.8636363744735718
0, mat, 0.8712121248245239
0, put, 0.8787878751754761
0, dull, 0.9015151262283325
0, thick, 0.8409091234207153
0, fight, 0.8560606241226196
0, shirt, 0.8409091234207153
0, sheet, 0.8484848737716675
0, rage, 0.8181818127632141
0, dare, 0.8560606241226196
0, shove, 0.8409091234207153
0, catch, 0.8484848737716675
0, veal, 0.8712121248245239
0, ville, 0.8787878751754761
0, pour, 0.8484848737716675
0, apes, 0.8636363744735718
0, dose, 0.8712121248245239
0, ali, 0.8560606241226196
0, chirp, 0.825757622718811
0, moor, 0.8484848737716675
0, fetch, 0.8333333730697632
0, well, 0.8636363744735718
0, took, 0.8636363744735718
0, chef, 0.8181818723678589
0, peep, 0.8636363744735718
0, veil, 0.8560606241226196
0, doubt, 0.8863636255264282
0, there, 0.825757622718811
0, cub, 0.8636363744735718
0, rice, 0.8409090638160706
0, gone, 0.8712121248245239
0, oink, 0.8560606241226196
0, site, 0.8636363744735718
0, neath, 0.8560606241226196
0, fern, 0.8560606241226196
0, loud, 0.8787878751754761
0, touch, 0.8712121248245239
0, june, 0.8560606241226196
0, shop, 0.8409091234207153
0, dodge, 0.8863636255264282
0, axe, 0.8712121248245239
0, juice, 0.8484848737716675
0, fly, 0.8560606241226196
0, sleigh, 0.8560606241226196
0, beef, 0.8636363744735718
0, lane, 0.8636363744735718
0, heck, 0.825757622718811
0, pays, 0.8712121248245239
0, peek, 0.8636363744735718
0, woke, 0.8333333730697632
0, pop, 0.8712121248245239
0, weed, 0.8712121248245239
0, was, 0.8712121248245239
0, cake, 0.8333333730697632
0, elk, 0.8712121248245239
0, leo, 0.8409091234207153
0, nook, 0.8560606241226196
0, neck, 0.8484848737716675
0, buzz, 0.9015151262283325
0, heard, 0.8484848737716675
0, peak, 0.8636363744735718
0, usher, 0.8409091234207153
0, cone, 0.8560606241226196
0, lip, 0.8636363744735718
0, hat, 0.8636363744735718
0, boon, 0.8863636255264282
0, such, 0.8560606241226196
0, sews, 0.8560606241226196
0, nate, 0.8560606241226196
0, auto, 0.8409091234207153
0, thumb, 0.8484848737716675
0, bell, 0.8863636255264282
0, kill, 0.8787878751754761
0, jade, 0.8484848737716675
0, robe, 0.8181818127632141
0, koff, 0.8333333730697632
0, weave, 0.8484848737716675
0, tail, 0.8712121248245239
0, seas, 0.8712121248245239
0, thus, 0.8636363744735718
0, hire, 0.825757622718811
0, gull, 0.8863636255264282
0, lick, 0.8636363744735718
0, yip, 0.8484848737716675
0, wish, 0.8560606241226196
0, zang, 0.8712121248245239
0, tied, 0.8863636255264282
0, mane, 0.8636363744735718
0, pin, 0.8939393758773804
0, poof, 0.8484848737716675
0, power, 0.8484848737716675
0, bird, 0.8863636255264282
0, beech, 0.8636363744735718
0, ring, 0.8484848737716675
0, shoot, 0.8409091234207153
0, weighed, 0.8484848737716675
0, cage, 0.8409091234207153
0, gack, 0.8560606241226196
0, okey, 0.8333333730697632
0, dob, 0.8863636255264282
0, drew, 0.8560606241226196
0, nob, 0.8712121248245239
0, fire, 0.8333333730697632
0, art, 0.8409091234207153
0, goat, 0.8560606241226196
0, lag, 0.8636363744735718
0, coupe, 0.8409091234207153
0, pap, 0.8636363744735718
0, fail, 0.8484848737716675
0, huff, 0.8333333730697632
0, pad, 0.8863636255264282
0, phase, 0.8484848737716675
0, vet, 0.8636363744735718
0, tack, 0.8636363744735718
0, both, 0.8560606241226196
0, cry, 0.8409091234207153
0, says, 0.8636363744735718
0, obey, 0.825757622718811
0, food, 0.8560606241226196
0, sit, 0.8712121248245239
0, year, 0.8409091234207153
0, toed, 0.8712121248245239
0, pawn, 0.8787878751754761
0, ting, 0.8863636255264282
0, shone, 0.8484848737716675
0, said, 0.8636363744735718
0, chair, 0.8181818723678589
0, blue, 0.8863636255264282
0, view, 0.8484848737716675
0, bush, 0.8712121248245239
0, lied, 0.8787878751754761
0, ned, 0.8712121248245239
0, aims, 0.8787878751754761
0, ago, 0.8409091234207153
0, cheese, 0.8636363744735718
0, ripe, 0.8257575631141663
0, could, 0.8712121248245239
0, hug, 0.8484848737716675
0, soot, 0.8636363744735718
0, bimm, 0.8863636255264282
0, knave, 0.8409091234207153
0, yon, 0.8712121248245239
0, plough, 0.8712121248245239
0, jig, 0.8560606241226196
0, turn, 0.8787878751754761
0, learn, 0.8787878751754761
0, plow, 0.8863636255264282
0, with, 0.8636363744735718
0, shake, 0.8181818127632141
0, knead, 0.8787878751754761
0, role, 0.8333333730697632
0, hitch, 0.8409091234207153
0, maid, 0.8636363744735718
0, muck, 0.8636363744735718
0, tag, 0.8712121248245239
0, lite, 0.8712121248245239
0, rise, 0.8484848737716675
0, shang, 0.8484848737716675
0, sure, 0.825757622718811
0, poke, 0.8484848737716675
0, cut, 0.8712121248245239
0, jays, 0.8484848737716675
0, blah, 0.9015151262283325
0, more, 0.8409091234207153
0, pale, 0.8712121248245239
0, king, 0.8712121248245239
0, dawn, 0.8863636255264282
0, and, 0.8712121248245239
0, can, 0.8712121248245239
0, dead, 0.8863636255264282
0, read, 0.8409091234207153
0, owls, 0.8939393758773804
0, joan, 0.8484848737716675
0, one, 0.8787878751754761
0, zeep, 0.8560606241226196
0, rare, 0.810606062412262
0, tide, 0.8863636255264282
0, sip, 0.8560606241226196
0, vale, 0.8560606241226196
0, beach, 0.8712121248245239
0, raise, 0.8333333730697632
0, oops, 0.8560606241226196
0, soothe, 0.8636363744735718
0, much, 0.8636363744735718
0, bet, 0.8787878751754761
0, feff, 0.825757622718811
0, gave, 0.8409091234207153
0, voice, 0.8484848737716675
0, dake, 0.8560606241226196
0, cause, 0.8787878751754761
0, cohn, 0.8560606241226196
0, ware, 0.8333333730697632
0, eighty, 0.8409091234207153
0, does, 0.9015151262283325
0, burp, 0.8636363744735718
0, same, 0.8409091234207153
0, latch, 0.8560606241226196
0, thing, 0.8560606241226196
0, shut, 0.8560606241226196
0, nurse, 0.8712121248245239
0, bad, 0.8939393758773804
0, third, 0.8484848737716675
0, eighth, 0.8409091234207153
0, foot, 0.8560606241226196
0, loot, 0.8636363744735718
0, soap, 0.8333333730697632
0, durn, 0.8863636255264282
0, skye, 0.8484848737716675
0, wipe, 0.8484848737716675
0, doth, 0.8636363744735718
0, wave, 0.8333333730697632
0, other, 0.8484848737716675
0, mack, 0.8560606241226196
0, teal, 0.8863636255264282
0, ax, 0.8636363744735718
0, chess, 0.8409091234207153
0, lean, 0.8787878751754761
0, wrote, 0.8257575631141663
0, pick, 0.8712121248245239
0, dope, 0.8560606241226196
0, tome, 0.8560606241226196
0, need, 0.8787878751754761
0, boil, 0.8787878751754761
0, them, 0.8409091234207153
0, wed, 0.8636363744735718
0, work, 0.8409091234207153
0, when, 0.8636363744735718
0, ached, 0.8636363744735718
0, poor, 0.8560606241226196
0, eels, 0.9090908765792847
0, till, 0.8939393758773804
0, van, 0.8787878751754761
0, rowed, 0.8333333730697632
0, anns, 0.8939393758773804
0, hood, 0.8560606241226196
0, bop, 0.8787878751754761
0, sighs, 0.8787878751754761
0, firm, 0.8409091234207153
0, ling, 0.8787878751754761
0, seam, 0.8560606241226196
0, dock, 0.8787878751754761
0, caught, 0.8636363744735718
0, bait, 0.8712121248245239
0, vane, 0.8560606241226196
0, zoos, 0.8712121248245239
0, booth, 0.8636363744735718
0, soul, 0.8560606241226196
0, cough, 0.8484848737716675
0, shall, 0.8560606241226196
0, hurl, 0.8484848737716675
0, tooth, 0.8560606241226196
0, goal, 0.8636363744735718
0, lays, 0.8636363744735718
0, doff, 0.8560606241226196
0, rung, 0.8484848737716675
0, bum, 0.8863636255264282
0, nod, 0.8863636255264282
0, fate, 0.8409090638160706
0, san, 0.8712121248245239
0, goes, 0.8636363744735718
0, purred, 0.8560606241226196
0, tire, 0.8560606241226196
0, tray, 0.8409091234207153
0, zeg, 0.8560606241226196
0, code, 0.8560606241226196
0, hive, 0.8333333730697632
0, walk, 0.8409091234207153
0, chid, 0.8636363744735718
0, lease, 0.8636363744735718
0, seem, 0.8560606241226196
0, foul, 0.8636363744735718
0, lows, 0.8636363744735718
0, miss, 0.8787878751754761
0, soon, 0.8636363744735718
0, perch, 0.8560606241226196
0, snow, 0.8560606241226196
0, arose, 0.8409091234207153
0, cape, 0.8333333730697632
0, buck, 0.8787878751754761
0, outer, 0.8636363744735718
0, glue, 0.8712121248245239
0, mash, 0.8560606241226196
0, seat, 0.8636363744735718
0, bout, 0.8863636255264282
0, eager, 0.8712121248245239
0, loose, 0.8712121248245239
0, will, 0.8787878751754761
0, soar, 0.8333333730697632
0, maul, 0.8712121248245239
0, purrs, 0.8787878751754761
0, wear, 0.8333333730697632
0, bayou, 0.8636363744735718
0, bud, 0.9015151262283325
0, odds, 0.8863636255264282
0, nip, 0.8636363744735718
0, pray, 0.8409091234207153
0, made, 0.8636363744735718
0, woof, 0.8333333730697632
0, neat, 0.8712121248245239
0, edged, 0.8863636255264282
0, kirk, 0.8409091234207153
0, meg, 0.8560606241226196
0, rain, 0.8333333730697632
0, any, 0.8712121248245239
0, roof, 0.810606062412262
0, hail, 0.8409091234207153
0, gap, 0.8560606241226196
0, thud, 0.8636363744735718
0, deed, 0.8939393758773804
0, adds, 0.8939393758773804
0, worth, 0.8409091234207153
0, deep, 0.8712121248245239
0, mas, 0.8863636255264282
0, whale, 0.8560606241226196
0, jed, 0.8560606241226196
0, name, 0.8484848737716675
0, duke, 0.8636363744735718
0, pail, 0.8712121248245239
0, date, 0.8712121248245239
0, don, 0.9015151262283325
0, peace, 0.8787878751754761
0, patch, 0.8636363744735718
0, lamb, 0.8636363744735718
0, teach, 0.8636363744735718
0, bob, 0.8863636255264282
0, nail, 0.8636363744735718
0, cool, 0.8636363744735718
0, poop, 0.8560606241226196
0, pair, 0.8484848737716675
0, azure, 0.8484848737716675
0, where, 0.8333333730697632
0, dis, 0.8939393758773804
0, tub, 0.8787878751754761
0, mad, 0.8787878751754761
0, tight, 0.8787878751754761
0, over, 0.825757622718811
0, than, 0.8636363744735718
0, wall, 0.8636363744735718
0, herd, 0.8484848737716675
0, fol, 0.8409091234207153
0, nap, 0.8560606241226196
0, fell, 0.8560606241226196
0, dick, 0.8787878751754761
0, tip, 0.8712121248245239
0, jill, 0.8712121248245239
0, route, 0.8333333134651184
0, rook, 0.8257575631141663
0, like, 0.8560606241226196
0, bray, 0.8484848737716675
0, dies, 0.8939393758773804
0, outta, 0.8636363744735718
0, rich, 0.8333333730697632
0, choice, 0.8333333134651184
0, hem, 0.8333333730697632
0, ball, 0.8863636255264282
0, late, 0.8560606241226196
0, church, 0.8333333730697632
0, aired, 0.8712121248245239
0, rat, 0.8484848737716675
0, half, 0.825757622718811
0, crow, 0.825757622718811
0, alley, 0.8712121248245239
0, pull, 0.8863636255264282
0, end, 0.8939393758773804
0, wig, 0.8636363744735718
0, okay, 0.810606062412262
0, otter, 0.8484848737716675
0, ridge, 0.8409091234207153
0, paws, 0.8787878751754761
0, higher, 0.8409091234207153
0, nude, 0.8712121248245239
0, hows, 0.8560606241226196
0, led, 0.8712121248245239
0, fudge, 0.8560606241226196
0, isles, 0.8863636255264282
0, roam, 0.8181818127632141
0, birth, 0.8636363744735718
0, toss, 0.8712121248245239
0, tang, 0.8787878751754761
0, ben, 0.8863636255264282
0, wool, 0.8712121248245239
0, sewed, 0.8636363744735718
0, sought, 0.8636363744735718
0, ship, 0.8409091234207153
0, met, 0.8636363744735718
0, yowl, 0.8636363744735718
0, whole, 0.8409091234207153
0, lad, 0.8787878751754761
0, kit, 0.8712121248245239
0, lair, 0.8409091234207153
0, whose, 0.8484848737716675
0, soil, 0.8560606241226196
0, tees, 0.8863636255264282
0, chip, 0.8409091234207153
0, cup, 0.8484848737716675
0, purse, 0.8712121248245239
0, flew, 0.8560606241226196
0, zip, 0.8636363744735718
0, its, 0.8939393758773804
0, dub, 0.8863636255264282
0, get, 0.8636363744735718
0, true, 0.8484848737716675
0, nose, 0.8636363744735718
0, rome, 0.8181818127632141
0, til, 0.8939393758773804
0, wheeze, 0.8787878751754761
0, howl, 0.8560606241226196
0, hoos, 0.8484848737716675
0, puff, 0.8636363744735718
0, fool, 0.8560606241226196
0, girl, 0.8712121248245239
0, cab, 0.8636363744735718
0, whoosh, 0.8484848737716675
0, rug, 0.8409091234207153
0, ride, 0.8484848737716675
0, mail, 0.8636363744735718
0, height, 0.8484848737716675
0, prow, 0.8560606241226196
0, peas, 0.8863636255264282
0, pouch, 0.8636363744735718
0, teat, 0.8787878751754761
0, care, 0.8333333730697632
0, fill, 0.8712121248245239
0, ham, 0.8484848737716675
0, furry, 0.8333333730697632
0, loop, 0.8484848737716675
0, news, 0.8712121248245239
0, crew, 0.8333333730697632
0, pan, 0.8863636255264282
0, judge, 0.8560606241226196
0, whore, 0.8181818723678589
0, chalk, 0.8409091234207153
0, brew, 0.8560606241226196
0, curse, 0.8560606241226196
0, chin, 0.8636363744735718
0, mood, 0.8712121248245239
0, hen, 0.8484848737716675
0, doc, 0.8787878751754761
0, claw, 0.8636363744735718
0, bib, 0.8863636255264282
0, keys, 0.8712121248245239
0, path, 0.8636363744735718
0, road, 0.8333333730697632
0, yet, 0.8484848737716675
0, tool, 0.8787878751754761
0, case, 0.8484848737716675
0, yep, 0.8333333730697632
0, witch, 0.8560606241226196
0, house, 0.8484848737716675
0, wrong, 0.8333333134651184
0, boom, 0.8712121248245239
0, cheap, 0.8333333730697632
0, nine, 0.8787878751754761
0, joey, 0.8257575631141663
0, hame, 0.8257575631141663
0, reach, 0.8257575631141663
0, page, 0.8560606241226196
0, these, 0.8636363744735718
0, fat, 0.8636363744735718
0, coin, 0.8560606241226196
0, pies, 0.8863636255264282
0, wille, 0.8787878751754761
0, life, 0.8484848737716675
0, dive, 0.8712121248245239
0, dong, 0.8787878751754761
0, lake, 0.8409091234207153
0, occur, 0.8333333730697632
0, ears, 0.8712121248245239
0, watch, 0.8560606241226196
0, mows, 0.8787878751754761
0, stew, 0.8560606241226196
0, arf, 0.8181818723678589
0, stay, 0.8484848737716675
0, sighed, 0.8863636255264282
0, woos, 0.8636363744735718
0, bitch, 0.8787878751754761
0, mowed, 0.8712121248245239
0, wheel, 0.8712121248245239
0, pipe, 0.8636363744735718
0, bows, 0.8939393758773804
0, play, 0.8712121248245239
0, lime, 0.8636363744735718
0, ills, 0.9015151262283325
0, try, 0.8560606241226196
0, ken, 0.8636363744735718
0, rag, 0.8409091234207153
0, cap, 0.8560606241226196
0, poach, 0.8484848737716675
0, meow, 0.8560606241226196
0, rake, 0.810606062412262
0, ski, 0.8484848737716675
0, liar, 0.8484848737716675
0, mice, 0.8712121248245239
0, gun, 0.8863636255264282
0, naught, 0.8560606241226196
0, phew, 0.8409091234207153
0, ifs, 0.8560606241226196
0, rude, 0.8409091234207153
0, cood, 0.8636363744735718
0, run, 0.8560606241226196
0, real, 0.8484848737716675
0, then, 0.8560606241226196
0, town, 0.8863636255264282
0, dun, 0.9015151262283325
0, tell, 0.8787878751754761
0, youth, 0.8333333730697632
0, pitt, 0.8863636255264282
0, shout, 0.8484848737716675
0, chum, 0.8484848737716675
0, heat, 0.8484848737716675
0, wine, 0.8712121248245239
0, face, 0.8409090638160706
0, shod, 0.8636363744735718
0, deck, 0.8636363744735718
0, throw, 0.810606062412262
0, keen, 0.8712121248245239
0, line, 0.8787878751754761
0, hate, 0.8333333134651184
0, teeth, 0.8560606241226196
0, guide, 0.8787878751754761
0, fawn, 0.8560606241226196
0, doot, 0.8787878751754761
0, moon, 0.8712121248245239
0, wrap, 0.8257575631141663
0, gaze, 0.8636363744735718
0, base, 0.8712121248245239
0, moat, 0.8560606241226196
0, dine, 0.8939393758773804
0, rang, 0.8409090638160706
0, yous, 0.8484848737716675
0, yipp, 0.8484848737716675
0, use, 0.8484848737716675
0, vase, 0.8484848737716675
0, loaf, 0.8333333730697632
0, folk, 0.8257575631141663
0, dave, 0.8560606241226196
0, churn, 0.8484848737716675
0, three, 0.8257575631141663
0, babe, 0.8636363744735718
0, loss, 0.8636363744735718
0, choke, 0.8181818127632141
0, lead, 0.8712121248245239
0, furu, 0.825757622718811
0, beer, 0.8712121248245239
0, room, 0.8257575631141663
0, sows, 0.8560606241226196
0, pal, 0.8863636255264282
0, math, 0.8560606241226196
0, whiz, 0.8787878751754761
0, dry, 0.8636363744735718
0, hung, 0.8560606241226196
0, arrow, 0.8333333730697632
0, sick, 0.8560606241226196
0, ran, 0.8560606241226196
0, ives, 0.8712121248245239
0, sock, 0.8560606241226196
0, nupp, 0.8636363744735718
0, sup, 0.8560606241226196
0, yell, 0.8560606241226196
0, blew, 0.8863636255264282
0, dan, 0.8939393758773804
0, rode, 0.8333333730697632
0, meat, 0.8712121248245239
0, jews, 0.8560606241226196
0, nitch, 0.8636363744735718
0, dune, 0.8863636255264282
0, john, 0.8712121248245239
0, wait, 0.8484848737716675
0, heap, 0.8333333730697632
0, through, 0.8181818127632141
0, nut, 0.8787878751754761
0, vowed, 0.8712121248245239
0, kid, 0.8787878751754761
0, ruth, 0.8181818127632141
0, word, 0.8636363744735718
0, cheat, 0.8484848737716675
0, sal, 0.8712121248245239
0, mite, 0.8712121248245239
0, flea, 0.8636363744735718
0, geese, 0.8712121248245239
0, gus, 0.8787878751754761
0, ledge, 0.8560606241226196
0, dep, 0.8636363744735718
0, bing, 0.8939393758773804
0, hid, 0.8636363744735718
0, got, 0.8787878751754761
0, hare, 0.8181818723678589
0, coop, 0.8409091234207153
0, choose, 0.8484848737716675
0, bowl, 0.8787878751754761
0, piece, 0.8787878751754761
0, jane, 0.8484848737716675
0, knob, 0.8712121248245239
0, cheek, 0.8333333730697632
0, fair, 0.825757622718811
0, chief, 0.825757622718811
0, saws, 0.8636363744735718
0, pain, 0.8712121248245239
0, wash, 0.8560606241226196
0, sheep, 0.8333333730697632
0, ton, 0.8939393758773804
0, thief, 0.825757622718811
0, heal, 0.8560606241226196
0, pear, 0.8484848737716675
0, log, 0.8560606241226196
0, nool, 0.8712121248245239
0, vote, 0.8484848737716675
0, watt, 0.8712121248245239
0, dab, 0.8787878751754761
0, wrung, 0.8484848737716675
0, five, 0.8409091234207153
0, beep, 0.8712121248245239
0, bike, 0.8712121248245239
0, aunt, 0.8863636255264282
0, net, 0.8636363744735718
0, hum, 0.8484848737716675
0, tan, 0.8863636255264282
0, heel, 0.8560606241226196
0, yawn, 0.8560606241226196
0, bed, 0.8863636255264282
0, temb, 0.8636363744735718
0, rows, 0.8333333730697632
0, thought, 0.8484848737716675
0, dig, 0.8863636255264282
0, beige, 0.8636363744735718
0, aches, 0.8636363744735718
0, outs, 0.8787878751754761
0, bone, 0.8787878751754761
0, sat, 0.8636363744735718
0, four, 0.825757622718811
0, mile, 0.8787878751754761
0, hash, 0.8409091234207153
0, arm, 0.8333333730697632
0, grow, 0.8333333730697632
0, thin, 0.8636363744735718
0, chewy, 0.825757622718811
0, mown, 0.8636363744735718
0, tear, 0.8484848737716675
0, his, 0.8787878751754761
0, big, 0.8863636255264282
0, save, 0.8333333730697632
0, yuck, 0.8484848737716675
0, fade, 0.8484848737716675
0, win, 0.8787878751754761
0, sued, 0.8636363744735718
0, wood, 0.8712121248245239
0, hog, 0.8484848737716675
0, curl, 0.8636363744735718
0, guys, 0.8787878751754761
0, love, 0.8636363744735718
0, lass, 0.8712121248245239
0, shower, 0.8409091234207153
0, gown, 0.8787878751754761
0, emma, 0.8712121248245239
0, toys, 0.8712121248245239
0, jog, 0.8560606241226196
0, jell, 0.8560606241226196
0, rack, 0.8257575631141663
0, lowed, 0.8712121248245239
0, came, 0.8409091234207153
0, hide, 0.8560606241226196
0, this, 0.8636363744735718
0, lash, 0.8560606241226196
0, would, 0.8712121248245239
0, chud, 0.8636363744735718
0, oils, 0.8787878751754761
0, not, 0.8787878751754761
0, ritch, 0.8333333730697632
0, hours, 0.8636363744735718
0, vows, 0.8712121248245239
0, feel, 0.8636363744735718
0, pass, 0.8787878751754761
0, push, 0.8636363744735718
0, ask, 0.8560606241226196
0, inch, 0.8787878751754761
0, lurch, 0.8484848737716675
0, bath, 0.8712121248245239
0, rose, 0.8333333730697632
0, while, 0.8712121248245239
0, move, 0.8484848737716675
0, coach, 0.8333333730697632
0, rip, 0.8409091234207153
0, noon, 0.8712121248245239
0, gore, 0.8409091234207153
0, hurry, 0.825757622718811
0, gill, 0.8863636255264282
0, load, 0.8636363744735718
0, ross, 0.8484848737716675
0, cole, 0.8560606241226196
0, lurk, 0.8484848737716675
0, weighs, 0.8636363744735718
0, roll, 0.8333333730697632
0, leap, 0.8560606241226196
0, mir, 0.8560606241226196
0, kiss, 0.8712121248245239
0, pry, 0.8484848737716675
0, den, 0.8863636255264282
0, shock, 0.8409091234207153
0, dove, 0.8787878751754761
0, bought, 0.8787878751754761
0, meet, 0.8712121248245239
0, laugh, 0.8484848737716675
0, whirl, 0.8636363744735718
0, joke, 0.8257575631141663
0, twee, 0.8636363744735718
0, itchy, 0.8560606241226196
0, wade, 0.8560606241226196
0, set, 0.8560606241226196
0, lid, 0.8863636255264282
0, moof, 0.8409091234207153
0, tock, 0.8712121248245239
0, chews, 0.8484848737716675
0, game, 0.8484848737716675
0, rob, 0.8409091234207153
0, toes, 0.8712121248245239
0, bug, 0.8863636255264282
0, tong, 0.8712121248245239
0, lies, 0.8787878751754761
0, hiss, 0.8636363744735718
0, poll, 0.8712121248245239
0, whiff, 0.8484848737716675
0, hawk, 0.825757622718811
0, meek, 0.8560606241226196
0, hope, 0.8181818127632141
0, oshea, 0.825757622718811
0, bang, 0.8863636255264282
0, moose, 0.8712121248245239
0, buyer, 0.8636363744735718
0, dyes, 0.8939393758773804
0, cock, 0.8560606241226196
0, leed, 0.8787878751754761
0, whom, 0.8333333730697632
0, mope, 0.8409091234207153
0, hoot, 0.8409091234207153
0, pool, 0.8787878751754761
0, muff, 0.8560606241226196
0, wreck, 0.8181818127632141
0, rim, 0.8409091234207153
0, doll, 0.9015151262283325
0, rash, 0.8257575631141663
0, hush, 0.8484848737716675
0, beet, 0.8863636255264282
0, wake, 0.8333333730697632
0, notch, 0.8636363744735718
0, serve, 0.8409091234207153
0, join, 0.8484848737716675
0, zall, 0.8863636255264282
0, hoes, 0.8409091234207153
0, glow, 0.8636363744735718
0, shook, 0.8409091234207153
0, gas, 0.8712121248245239
0, pawed, 0.8787878751754761
0, pete, 0.8787878751754761
0, zong, 0.8787878751754761
0, eggs, 0.8863636255264282
0, bade, 0.8787878751754761
0, should, 0.8636363744735718
0, bash, 0.8712121248245239
0, wife, 0.8409091234207153
0, curve, 0.8409091234207153
0, shape, 0.8181818127632141
0, vug, 0.8636363744735718
0, dum, 0.8863636255264282
0, shame, 0.8257575631141663
0, ruff, 0.825757622718811
0, look, 0.8560606241226196
0, dug, 0.8863636255264282
0, boot, 0.8787878751754761
0, weight, 0.8560606241226196
0, hit, 0.8636363744735718
0, near, 0.8560606241226196
0, bag, 0.8787878751754761
0, tale, 0.8712121248245239
0, zuzz, 0.8863636255264282
0, noah, 0.8484848737716675
0, sake, 0.8333333730697632
0, shed, 0.8484848737716675
0, jam, 0.8484848737716675
0, noise, 0.8712121248245239
0, loan, 0.8636363744735718
0, gnash, 0.8560606241226196
0, won, 0.8787878751754761
0, men, 0.8712121248245239
0, sung, 0.8712121248245239
0, mew, 0.8560606241226196
0, done, 0.9015151262283325
0, pig, 0.8787878751754761
0, yot, 0.8636363744735718
0, knack, 0.8560606241226196
0, dirt, 0.8787878751754761
0, hers, 0.8409091234207153
0, kack, 0.8484848737716675
0, come, 0.8636363744735718
0, sign, 0.8712121248245239
0, worse, 0.8636363744735718
0, their, 0.825757622718811
0, pout, 0.8787878751754761
0, yeow, 0.8409091234207153
0, hang, 0.8484848737716675
0, sale, 0.8560606241226196
0, whine, 0.8712121248245239
0, take, 0.8484848737716675
0, ning, 0.8787878751754761
0, gnaws, 0.8712121248245239
0, peer, 0.8636363744735718
0, sewer, 0.8409091234207153
0, lower, 0.8409091234207153
0, lace, 0.8560606241226196
0, known, 0.8636363744735718
0, rap, 0.8333333730697632
0, seed, 0.8712121248245239
0, guck, 0.8636363744735718
0, lame, 0.8484848737716675
0, egged, 0.8863636255264282
0, bin, 0.9015151262283325
0, main, 0.8636363744735718
0, chute, 0.8409091234207153
0, calf, 0.8409091234207153
0, fry, 0.8333333134651184
0, tap, 0.8636363744735718
0, showed, 0.8636363744735718
0, tile, 0.8863636255264282
0, bean, 0.8939393758773804
0, cheer, 0.8333333730697632
0, tis, 0.8939393758773804
0, trow, 0.8409091234207153
0, elf, 0.8636363744735718
0, cot, 0.8712121248245239
0, but, 0.8939393758773804
0, dome, 0.8636363744735718
0, jet, 0.8484848737716675
0, reel, 0.8484848737716675
0, mum, 0.8712121248245239
0, ted, 0.8787878751754761
0, death, 0.8636363744735718
0, annie, 0.8712121248245239
0, ox, 0.8560606241226196
0, leak, 0.8560606241226196
0, ying, 0.8636363744735718
0, oozy, 0.8636363744735718
0, kick, 0.8560606241226196
0, sad, 0.8712121248245239
0, bear, 0.8560606241226196
0, meal, 0.8787878751754761
0, jack, 0.8409091234207153
0, sam, 0.8560606241226196
0, nor, 0.8409091234207153
0, niche, 0.8636363744735718
0, burrow, 0.825757622718811
0, hack, 0.8333333730697632
0, joys, 0.8484848737716675
0, which, 0.8560606241226196
0, bid, 0.9015151262283325
0, rime, 0.8333333134651184
0, limb, 0.8712121248245239
0, mean, 0.8787878751754761
0, woes, 0.8560606241226196
0, jar, 0.8409091234207153
0, boat, 0.8712121248245239
0, gale, 0.8636363744735718
0, comb, 0.8409091234207153
0, weep, 0.8484848737716675
0, rail, 0.8333333730697632
0, fame, 0.8333333134651184
0, leg, 0.8560606241226196
0, him, 0.8484848737716675
0, nag, 0.8636363744735718
0, paul, 0.8787878751754761
0, scene, 0.8712121248245239
0, seek, 0.8484848737716675
0, lab, 0.8636363744735718
0, offer, 0.8333333730697632
0, lot, 0.8787878751754761
0, week, 0.8484848737716675
0, ink, 0.8636363744735718
0, moan, 0.8636363744735718
0, weak, 0.8484848737716675
0, call, 0.8636363744735718
0, knowed, 0.8636363744735718
0, yop, 0.8484848737716675
0, flyer, 0.8909090757369995
0, taste, 0.9151514768600464
0, zump, 0.9212120771408081
0, post, 0.9272726774215698
0, silo, 0.9090908765792847
0, dimes, 0.9333333969116211
0, lurched, 0.9090908765792847
0, breathe, 0.903030276298523
0, stare, 0.8848484754562378
0, shores, 0.8969696760177612
0, dance, 0.9393939971923828
0, gags, 0.9333333969116211
0, necked, 0.903030276298523
0, fory, 0.8848484754562378
0, hiked, 0.9090908765792847
0, river, 0.8787878751754761
0, garage, 0.8969696760177612
0, glows, 0.903030276298523
0, thrill, 0.903030276298523
0, brook, 0.8969696760177612
0, suing, 0.9151514768600464
0, pearls, 0.9333332777023315
0, cups, 0.9212120771408081
0, robs, 0.9272727966308594
0, ones, 0.9454545974731445
0, girls, 0.9333333969116211
0, weeny, 0.9090908765792847
0, llama, 0.9151514768600464
0, lids, 0.9515151977539062
0, dollar, 0.9272726774215698
0, heats, 0.9212120771408081
0, cubby, 0.903030276298523
0, klack, 0.8909090757369995
0, polled, 0.9272726774215698
0, picker, 0.903030276298523
0, plows, 0.9212120771408081
0, pulley, 0.9212120771408081
0, glass, 0.9090908765792847
0, peels, 0.9393939971923828
0, willie, 0.9151514768600464
0, pals, 0.9515151977539062
0, urges, 0.9030303955078125
0, dolls, 0.9515151977539062
0, bark, 0.9212121963500977
0, pure, 0.9090908765792847
0, wagged, 0.9151514768600464
0, coax, 0.903030276298523
0, shaker, 0.8727272748947144
0, boohoo, 0.8909090757369995
0, wellar, 0.8969696760177612
0, armed, 0.9030303955078125
0, cheesy, 0.8969696760177612
0, clam, 0.903030276298523
0, dover, 0.8909090757369995
0, mauled, 0.9272726774215698
0, zillow, 0.9212120771408081
0, beached, 0.9151514768600464
0, wired, 0.9090908765792847
0, water, 0.8909090757369995
0, arnie, 0.8787878751754761
0, hold, 0.9151515960693359
0, pots, 0.9454545974731445
0, bulge, 0.9393939971923828
0, wiper, 0.8848484754562378
0, tooled, 0.9333332777023315
0, dives, 0.9272726774215698
0, unto, 0.8848484754562378
0, mouths, 0.9212120771408081
0, tours, 0.9151514768600464
0, wholes, 0.9151514768600464
0, bessy, 0.9151514768600464
0, stag, 0.903030276298523
0, tins, 0.957575798034668
0, creep, 0.8848484754562378
0, chilled, 0.9212120771408081
0, stile, 0.9151514768600464
0, daffy, 0.903030276298523
0, alack, 0.8848484754562378
0, miles, 0.9333332777023315
0, swam, 0.903030276298523
0, cast, 0.9272726774215698
0, booked, 0.9212120771408081
0, held, 0.9212121963500977
0, screw, 0.8848484754562378
0, laddie, 0.9151514768600464
0, cluck, 0.8969696760177612
0, failed, 0.9212120771408081
0, knobs, 0.9272726774215698
0, kicked, 0.9090908765792847
0, wrapped, 0.8848484754562378
0, sippy, 0.9090908765792847
0, spot, 0.9151514768600464
0, guest, 0.9212120771408081
0, stays, 0.9090908765792847
0, ryder, 0.8969696760177612
0, fills, 0.9393938779830933
0, fares, 0.9090908765792847
0, shaped, 0.8909090757369995
0, leafy, 0.8909090757369995
0, locks, 0.9151514768600464
0, copper, 0.8909090757369995
0, molt, 0.9272727966308594
0, flop, 0.903030276298523
0, alas, 0.903030276298523
0, cent, 0.9272727966308594
0, tripe, 0.8909090757369995
0, flight, 0.9090908765792847
0, dashed, 0.9212120771408081
0, north, 0.8848484754562378
0, bikes, 0.9212120771408081
0, filth, 0.9212120771408081
0, moody, 0.9090908765792847
0, shift, 0.903030276298523
0, bats, 0.9454545974731445
0, achieve, 0.8787878751754761
0, cuts, 0.9333332777023315
0, skin, 0.9212120771408081
0, nails, 0.9212120771408081
0, jigs, 0.9272727966308594
0, arthur, 0.8666666746139526
0, growed, 0.8909090757369995
0, gnats, 0.9272726774215698
0, lift, 0.9212120771408081
0, yawned, 0.9151514768600464
0, hooked, 0.903030276298523
0, homer, 0.8787878751754761
0, hatched, 0.903030276298523
0, docked, 0.9272726774215698
0, mirror, 0.8909090757369995
0, bets, 0.9393939971923828
0, baths, 0.9212120771408081
0, paste, 0.9151514768600464
0, claus, 0.903030276298523
0, fridge, 0.8969696760177612
0, snip, 0.9090908765792847
0, healed, 0.9272726774215698
0, goody, 0.9151514768600464
0, puffs, 0.9151514768600464
0, small, 0.9151514768600464
0, alive, 0.8848484754562378
0, waved, 0.903030276298523
0, quoth, 0.8727272748947144
0, kerchoo, 0.8727272748947144
0, player, 0.8848484754562378
0, furrows, 0.903030276298523
0, leos, 0.9151514768600464
0, sets, 0.9272726774215698
0, feather, 0.8909090757369995
0, annies, 0.8969696760177612
0, aware, 0.8666666746139526
0, cans, 0.9393939971923828
0, brews, 0.9090908765792847
0, fink, 0.9151514768600464
0, fans, 0.9333333969116211
0, lots, 0.9393939971923828
0, zizzer, 0.9272726774215698
0, yank, 0.9090908765792847
0, piles, 0.9393939971923828
0, bent, 0.9454545974731445
0, heather, 0.8848484754562378
0, stood, 0.9151514768600464
0, spoon, 0.9090908765792847
0, burnie, 0.9212120771408081
0, times, 0.9272727966308594
0, mayors, 0.8969696760177612
0, poet, 0.9212120771408081
0, rigged, 0.9090909957885742
0, steam, 0.903030276298523
0, capes, 0.8969696760177612
0, searched, 0.9090908765792847
0, gazed, 0.9272727966308594
0, clown, 0.9090908765792847
0, slosh, 0.9090908765792847
0, dairy, 0.8969696760177612
0, missed, 0.9272726774215698
0, rains, 0.9090909957885742
0, clear, 0.8909090757369995
0, hills, 0.9393939971923828
0, pulp, 0.9393939971923828
0, moths, 0.903030276298523
0, open, 0.8969697952270508
0, taunt, 0.9272726774215698
0, gaps, 0.9212120771408081
0, tippy, 0.9090908765792847
0, patched, 0.9090908765792847
0, bellar, 0.9151514768600464
0, snowy, 0.8848484754562378
0, flush, 0.903030276298523
0, slide, 0.9212120771408081
0, hooks, 0.9151514768600464
0, flute, 0.903030276298523
0, nines, 0.9333332777023315
0, curvy, 0.8909090757369995
0, shoves, 0.9151514768600464
0, sailor, 0.903030276298523
0, haves, 0.9151514768600464
0, waked, 0.903030276298523
0, great, 0.8848484754562378
0, hangs, 0.9272727966308594
0, brayed, 0.903030276298523
0, locked, 0.9151514768600464
0, kooky, 0.8848484754562378
0, delve, 0.9212120771408081
0, railed, 0.903030276298523
0, wacky, 0.8909090757369995
0, quit, 0.9151514768600464
0, stout, 0.9090908765792847
0, sips, 0.9272726774215698
0, thinned, 0.9272726774215698
0, clawed, 0.903030276298523
0, mother, 0.903030276298523
0, things, 0.9272726774215698
0, butter, 0.9212120771408081
0, ploughed, 0.9151514768600464
0, tuna, 0.9272726774215698
0, sails, 0.9272726774215698
0, sloosh, 0.8969696760177612
0, walks, 0.903030276298523
0, potty, 0.9212120771408081
0, marsh, 0.8969696760177612
0, bobbed, 0.9393939971923828
0, birds, 0.9393938779830933
0, scour, 0.8909090757369995
0, once, 0.9393939971923828
0, dips, 0.9393939971923828
0, kind, 0.9393939971923828
0, seeks, 0.9151514768600464
0, bling, 0.9272726774215698
0, coats, 0.9090908765792847
0, launch, 0.9090908765792847
0, warm, 0.8969696760177612
0, ricks, 0.8969696760177612
0, itching, 0.8909090757369995
0, nils, 0.9515151977539062
0, stirred, 0.903030276298523
0, grass, 0.8969696760177612
0, taped, 0.903030276298523
0, rollo, 0.8909090757369995
0, pillow, 0.9151514768600464
0, mist, 0.9393939971923828
0, malt, 0.9333333969116211
0, drape, 0.8848484754562378
0, served, 0.9151514768600464
0, globe, 0.8909090757369995
0, needs, 0.9333332777023315
0, hurrah, 0.8787878751754761
0, list, 0.9333332777023315
0, stitch, 0.903030276298523
0, downy, 0.9272726774215698
0, carp, 0.9151514768600464
0, lily, 0.9272726774215698
0, tolls, 0.9272726774215698
0, throne, 0.8848484754562378
0, tying, 0.9212120771408081
0, heist, 0.9212120771408081
0, maids, 0.9212120771408081
0, hoods, 0.9333333969116211
0, banner, 0.9212120771408081
0, bleed, 0.9272726774215698
0, nellar, 0.903030276298523
0, raced, 0.903030276298523
0, lamed, 0.9090908765792847
0, walls, 0.9272727966308594
0, stair, 0.8848484754562378
0, flurry, 0.8909090757369995
0, waggy, 0.8969696760177612
0, racked, 0.8969696760177612
0, boars, 0.9151514768600464
0, being, 0.9272726774215698
0, whooped, 0.8969696760177612
0, prows, 0.9090908765792847
0, lives, 0.9212120771408081
0, loved, 0.9212120771408081
0, gox, 0.9393939971923828
0, tucks, 0.9272726774215698
0, oopsie, 0.8666666746139526
0, trays, 0.8969696760177612
0, soups, 0.9090908765792847
0, awesome, 0.8909090757369995
0, sites, 0.9272726774215698
0, flag, 0.8969696760177612
0, kills, 0.9333332777023315
0, spray, 0.8787878751754761
0, halves, 0.9090908765792847
0, loafer, 0.8727272748947144
0, fruit, 0.8909090757369995
0, hero, 0.8848484754562378
0, clock, 0.8969696760177612
0, pleat, 0.9151514768600464
0, perched, 0.9151514768600464
0, dared, 0.9212120771408081
0, mushy, 0.903030276298523
0, fence, 0.9272727966308594
0, timed, 0.9272727966308594
0, pony, 0.9151514768600464
0, boats, 0.9212120771408081
0, crib, 0.9090908765792847
0, sond, 0.9454545974731445
0, milk, 0.9333333969116211
0, box, 0.9393939971923828
0, gift, 0.9212120771408081
0, joyner, 0.8848484754562378
0, fries, 0.903030276298523
0, blouse, 0.9212120771408081
0, maps, 0.9212120771408081
0, nosed, 0.9212120771408081
0, goalie, 0.903030276298523
0, haiku, 0.8848484754562378
0, viewed, 0.9151514768600464
0, order, 0.8666666746139526
0, walked, 0.8969696760177612
0, hacker, 0.8848484754562378
0, beans, 0.9454545974731445
0, sift, 0.9212120771408081
0, grush, 0.8909090757369995
0, shirked, 0.8969696760177612
0, crush, 0.8848484754562378
0, wavy, 0.8848484754562378
0, lukey, 0.8909090757369995
0, checked, 0.8909090757369995
0, pets, 0.9333332777023315
0, treat, 0.903030276298523
0, diva, 0.9212120771408081
0, veils, 0.9272726774215698
0, journey, 0.8909090757369995
0, crack, 0.8787878751754761
0, shops, 0.9090908765792847
0, folks, 0.8969696760177612
0, rots, 0.9272726774215698
0, motor, 0.8909090757369995
0, churned, 0.9090909957885742
0, roger, 0.9090908765792847
0, deeds, 0.9454545974731445
0, frees, 0.903030276298523
0, donner, 0.9272726774215698
0, bores, 0.9151514768600464
0, newly, 0.9090908765792847
0, tony, 0.9151514768600464
0, crows, 0.8909090757369995
0, snug, 0.9090908765792847
0, nips, 0.9272726774215698
0, super, 0.8909090757369995
0, dims, 0.9515151977539062
0, jailed, 0.9090908765792847
0, blown, 0.9090908765792847
0, troll, 0.8969696760177612
0, raged, 0.9030303955078125
0, domo, 0.8969696760177612
0, hump, 0.903030276298523
0, easing, 0.8969696760177612
0, shocks, 0.9090908765792847
0, scent, 0.9333333969116211
0, tattoo, 0.8969696760177612
0, suzy, 0.9151514768600464
0, tater, 0.8969696760177612
0, fisher, 0.8969696760177612
0, truck, 0.8969696760177612
0, chugs, 0.9151515960693359
0, beaver, 0.903030276298523
0, swirl, 0.9090908765792847
0, wheels, 0.9272726774215698
0, ralph, 0.8909090757369995
0, whether, 0.8848484754562378
0, crude, 0.903030276298523
0, rules, 0.9151515960693359
0, shirley, 0.903030276298523
0, brick, 0.903030276298523
0, wheeled, 0.9272726774215698
0, mark, 0.9090908765792847
0, favor, 0.8787878751754761
0, grade, 0.8909090757369995
0, fast, 0.9272726774215698
0, strow, 0.8787878751754761
0, lost, 0.9212120771408081
0, bloath, 0.8969696760177612
0, sized, 0.9393939971923828
0, poured, 0.9090908765792847
0, bouquet, 0.8727272748947144
0, murmur, 0.8909090757369995
0, leaky, 0.8969696760177612
0, world, 0.9272727966308594
0, gaga, 0.9212120771408081
0, perky, 0.8969696760177612
0, jams, 0.9212121963500977
0, snuff, 0.903030276298523
0, scenes, 0.9393939971923828
0, meadow, 0.8909090757369995
0, klang, 0.903030276298523
0, sling, 0.9212120771408081
0, health, 0.903030276298523
0, build, 0.9515151977539062
0, bims, 0.9515151977539062
0, walker, 0.8787878751754761
0, feast, 0.9272726774215698
0, threat, 0.8848484754562378
0, bears, 0.9151514768600464
0, groom, 0.8848484754562378
0, sings, 0.9393939971923828
0, mars, 0.9272727966308594
0, golf, 0.9272727966308594
0, ducky, 0.9151514768600464
0, mans, 0.9454545974731445
0, kings, 0.9272726774215698
0, although, 0.8545454740524292
0, rigs, 0.9212121963500977
0, shoots, 0.9090908765792847
0, charge, 0.8909090757369995
0, mount, 0.9272726774215698
0, clutch, 0.8969696760177612
0, towel, 0.9272727966308594
0, haha, 0.903030276298523
0, jerry, 0.8727272748947144
0, chatter, 0.8848484754562378
0, pinch, 0.9272726774215698
0, ricky, 0.8787878751754761
0, pried, 0.9090908765792847
0, yells, 0.9212121963500977
0, wont, 0.9212121963500977
0, sales, 0.9272726774215698
0, smooth, 0.903030276298523
0, kids, 0.9454545974731445
0, downer, 0.9212120771408081
0, icing, 0.8848484754562378
0, makes, 0.8969696760177612
0, weary, 0.8909090757369995
0, combed, 0.903030276298523
0, camp, 0.9090908765792847
0, fork, 0.8909090757369995
0, tiled, 0.9393939971923828
0, paves, 0.9090908765792847
0, twas, 0.9212120771408081
0, dates, 0.9212120771408081
0, owning, 0.8787878751754761
0, petes, 0.9272726774215698
0, oiling, 0.8848484754562378
0, shutter, 0.903030276298523
0, heavy, 0.8848484754562378
0, blab, 0.9212120771408081
0, rubber, 0.8787878751754761
0, barm, 0.9272727966308594
0, snoot, 0.9090908765792847
0, shines, 0.9272726774215698
0, crab, 0.8969696760177612
0, attach, 0.8787878751754761
0, gangs, 0.9333333969116211
0, link, 0.9272726774215698
0, powder, 0.9151514768600464
0, pint, 0.9454545974731445
0, trash, 0.8909090757369995
0, last, 0.9272726774215698
0, bites, 0.9333332777023315
0, knelt, 0.9272727966308594
0, sleek, 0.903030276298523
0, saying, 0.9090908765792847
0, bleak, 0.9090908765792847
0, brave, 0.8909090757369995
0, weird, 0.9151514768600464
0, davey, 0.8969696760177612
0, edges, 0.8909090757369995
0, nailed, 0.9212120771408081
0, soppy, 0.9090908765792847
0, sights, 0.9272726774215698
0, herds, 0.9272727966308594
0, break, 0.8848484754562378
0, turkey, 0.8969696760177612
0, mailed, 0.9212120771408081
0, bound, 0.9454545974731445
0, hares, 0.903030276298523
0, sala, 0.9333333969116211
0, paused, 0.9333332777023315
0, puts, 0.9393939971923828
0, bones, 0.9333332777023315
0, rather, 0.8787878751754761
0, thinner, 0.903030276298523
0, spies, 0.9151514768600464
0, snuck, 0.9090908765792847
0, prowl, 0.9090908765792847
0, buffer, 0.903030276298523
0, switch, 0.903030276298523
0, first, 0.9212120771408081
0, junk, 0.9151514768600464
0, self, 0.9151514768600464
0, buzzed, 0.9515151977539062
0, choked, 0.8848484754562378
0, prod, 0.9212120771408081
0, loads, 0.9212120771408081
0, dummy, 0.9212120771408081
0, spas, 0.9212120771408081
0, send, 0.9333333969116211
0, perked, 0.9090908765792847
0, judged, 0.9151514768600464
0, chores, 0.8909090757369995
0, allen, 0.903030276298523
0, tilt, 0.9515151977539062
0, tags, 0.9393939971923828
0, clack, 0.8909090757369995
0, york, 0.8848484754562378
0, clerk, 0.8848484754562378
0, copped, 0.9090908765792847
0, bins, 0.9636363983154297
0, ideal, 0.8969696760177612
0, mossy, 0.9151514768600464
0, tips, 0.9333332777023315
0, plum, 0.9212120771408081
0, loader, 0.8969696760177612
0, slower, 0.8848484754562378
0, teased, 0.9393939971923828
0, ships, 0.9090908765792847
0, prop, 0.903030276298523
0, glowed, 0.903030276298523
0, rings, 0.9212121963500977
0, keeps, 0.9090908765792847
0, hips, 0.9090908765792847
0, lagged, 0.9212120771408081
0, cloth, 0.8848484754562378
0, goats, 0.9151514768600464
0, showing, 0.8969696760177612
0, teacher, 0.8909090757369995
0, bulls, 0.9454545974731445
0, rudy, 0.8969696760177612
0, bids, 0.9636363983154297
0, faced, 0.9151514768600464
0, spoke, 0.8787878751754761
0, swiss, 0.9151514768600464
0, wished, 0.9090908765792847
0, shawls, 0.9212120771408081
0, sorrow, 0.8909090757369995
0, bled, 0.9272727966308594
0, skim, 0.9090908765792847
0, flower, 0.8909090757369995
0, nursed, 0.9151514768600464
0, calmed, 0.9212120771408081
0, hats, 0.9212120771408081
0, bapa, 0.9272726774215698
0, chicks, 0.903030276298523
0, bonnie, 0.9333332777023315
0, march, 0.8969696760177612
0, cocks, 0.9151514768600464
0, creak, 0.8848484754562378
0, tons, 0.957575798034668
0, among, 0.903030276298523
0, kitty, 0.9090908765792847
0, mutts, 0.9272726774215698
0, peeled, 0.9393939971923828
0, fleck, 0.8909090757369995
0, bother, 0.9151514768600464
0, kleek, 0.8909090757369995
0, boiler, 0.9090908765792847
0, lala, 0.9333333969116211
0, madder, 0.9090908765792847
0, birdie, 0.9212120771408081
0, gully, 0.9212120771408081
0, krause, 0.8848484754562378
0, bellow, 0.9090908765792847
0, lowing, 0.903030276298523
0, brier, 0.8909090757369995
0, bangs, 0.9393939971923828
0, hover, 0.8909090757369995
0, choppa, 0.8909090757369995
0, cries, 0.903030276298523
0, boas, 0.9333333969116211
0, bari, 0.9151514768600464
0, drip, 0.9090908765792847
0, chopped, 0.8969696760177612
0, atop, 0.8909090757369995
0, outlaw, 0.8666666746139526
0, letter, 0.8969696760177612
0, burst, 0.9333332777023315
0, authors, 0.8787878751754761
0, horn, 0.8969696760177612
0, shaved, 0.8969696760177612
0, dines, 0.9454545974731445
0, jewel, 0.9090909957885742
0, thresh, 0.8727272748947144
0, spare, 0.8848484754562378
0, aiding, 0.8848484754562378
0, slap, 0.903030276298523
0, wax, 0.9151514768600464
0, slime, 0.9090908765792847
0, raps, 0.9090908765792847
0, shoved, 0.9151514768600464
0, pales, 0.9272726774215698
0, fetched, 0.903030276298523
0, awful, 0.8969696760177612
0, flung, 0.9151514768600464
0, digger, 0.9151514768600464
0, peered, 0.9212120771408081
0, polly, 0.9272726774215698
0, grip, 0.9090908765792847
0, lived, 0.9151514768600464
0, munch, 0.9212120771408081
0, hails, 0.9212121963500977
0, throws, 0.8848484754562378
0, paint, 0.9212120771408081
0, marf, 0.903030276298523
0, gums, 0.9393939971923828
0, stove, 0.8909090757369995
0, maybe, 0.8909090757369995
0, bibs, 0.9515151977539062
0, berths, 0.9151514768600464
0, gluer, 0.8848484754562378
0, whirled, 0.9212120771408081
0, allowed, 0.8969696760177612
0, beats, 0.9333332777023315
0, cliff, 0.8909090757369995
0, spain, 0.8969696760177612
0, hemmed, 0.9090908765792847
0, cakes, 0.8969696760177612
0, wells, 0.9272727966308594
0, gitchy, 0.903030276298523
0, toils, 0.9272726774215698
0, troop, 0.8848484754562378
0, prays, 0.8969696760177612
0, coughed, 0.8909090757369995
0, await, 0.8787878751754761
0, twerp, 0.8909090757369995
0, fairy, 0.8848484754562378
0, heart, 0.9090908765792847
0, flies, 0.9151514768600464
0, bitter, 0.9212120771408081
0, elmo, 0.8787878751754761
0, gulls, 0.9454545974731445
0, seats, 0.9272726774215698
0, lacks, 0.9151514768600464
0, wooing, 0.903030276298523
0, felsh, 0.9090908765792847
0, dump, 0.9333333969116211
0, crass, 0.8909090757369995
0, pooled, 0.9333332777023315
0, source, 0.903030276298523
0, tried, 0.9090908765792847
0, pulled, 0.9393939971923828
0, hauled, 0.9272727966308594
0, holes, 0.9212121963500977
0, green, 0.9090908765792847
0, yippee, 0.8727272748947144
0, pegs, 0.9333333969116211
0, rocked, 0.8969696760177612
0, suds, 0.9454545974731445
0, thoughts, 0.903030276298523
0, dived, 0.9272726774215698
0, swayed, 0.903030276298523
0, trade, 0.8969696760177612
0, court, 0.8969696760177612
0, talky, 0.8969696760177612
0, talks, 0.9090908765792847
0, meals, 0.9333332777023315
0, holmes, 0.903030276298523
0, trait, 0.8909090757369995
0, tops, 0.9333332777023315
0, meets, 0.9212120771408081
0, fits, 0.9272726774215698
0, names, 0.9090908765792847
0, chugged, 0.9151515960693359
0, drake, 0.8848484754562378
0, dream, 0.903030276298523
0, queen, 0.9090908765792847
0, swoon, 0.9090908765792847
0, tocks, 0.9212120771408081
0, every, 0.8606060743331909
0, lads, 0.9454545974731445
0, pusher, 0.8969696760177612
0, ditty, 0.9272726774215698
0, weeps, 0.9090908765792847
0, wrongs, 0.903030276298523
0, chipped, 0.8969696760177612
0, drive, 0.8969696760177612
0, killed, 0.9333332777023315
0, giraffe, 0.8666666746139526
0, grape, 0.8727272748947144
0, matter, 0.903030276298523
0, course, 0.8969696760177612
0, groove, 0.8787878751754761
0, yeps, 0.903030276298523
0, shoeing, 0.903030276298523
0, hand, 0.9272727966308594
0, dwell, 0.9151514768600464
0, toying, 0.9090908765792847
0, class, 0.903030276298523
0, scare, 0.8848484754562378
0, hopes, 0.8969696760177612
0, coffee, 0.8909090757369995
0, rump, 0.9090908765792847
0, talked, 0.9090908765792847
0, cost, 0.9333332777023315
0, aided, 0.8909090757369995
0, frame, 0.8787878751754761
0, floss, 0.9151514768600464
0, hoots, 0.9151514768600464
0, tails, 0.9272726774215698
0, steel, 0.9151514768600464
0, auntie, 0.8787878751754761
0, frill, 0.9090908765792847
0, ploughs, 0.9151514768600464
0, braid, 0.903030276298523
0, motto, 0.903030276298523
0, klopp, 0.8969696760177612
0, freeze, 0.903030276298523
0, arrows, 0.8666666746139526
0, from, 0.8909090757369995
0, pears, 0.9090908765792847
0, fools, 0.9272726774215698
0, robbed, 0.9090909957885742
0, chance, 0.9151515960693359
0, hooray, 0.8606060743331909
0, fold, 0.9212121963500977
0, spice, 0.9090908765792847
0, irene, 0.8848484754562378
0, stone, 0.8969696760177612
0, drove, 0.8848484754562378
0, champ, 0.8909090757369995
0, worked, 0.8969696760177612
0, fix, 0.9090908765792847
0, gilly, 0.9212120771408081
0, zelf, 0.9212120771408081
0, heaved, 0.9090908765792847
0, tougher, 0.8969696760177612
0, hockey, 0.8969696760177612
0, coins, 0.9212121963500977
0, chiefs, 0.8909090757369995
0, lilly, 0.9212120771408081
0, cozy, 0.903030276298523
0, hurries, 0.9090909957885742
0, steal, 0.9151514768600464
0, hugs, 0.9212121963500977
0, jeweled, 0.9151514768600464
0, wrecked, 0.8848484754562378
0, marry, 0.8848484754562378
0, zamp, 0.9151514768600464
0, pooped, 0.9090908765792847
0, beefed, 0.9151514768600464
0, mast, 0.9333333969116211
0, left, 0.9090908765792847
0, rates, 0.8909090757369995
0, piggy, 0.9151514768600464
0, bitty, 0.9272726774215698
0, tries, 0.9090908765792847
0, skies, 0.9090908765792847
0, wined, 0.9333333969116211
0, hicks, 0.9151514768600464
0, twice, 0.9090908765792847
0, yink, 0.9151514768600464
0, spell, 0.9090908765792847
0, sakes, 0.903030276298523
0, lucks, 0.9212120771408081
0, about, 0.8969696760177612
0, piped, 0.9151514768600464
0, tears, 0.9090908765792847
0, dunes, 0.9393938779830933
0, ocean, 0.8848484754562378
0, fatter, 0.903030276298523
0, yarn, 0.9151514768600464
0, belch, 0.9212120771408081
0, bulb, 0.9515151977539062
0, roller, 0.8727272748947144
0, ahead, 0.8909090757369995
0, avoid, 0.8727272748947144
0, lighter, 0.8969696760177612
0, yelp, 0.9090908765792847
0, roams, 0.9030303955078125
0, nagged, 0.9212120771408081
0, proud, 0.9090908765792847
0, dealer, 0.9212120771408081
0, diller, 0.9272726774215698
0, carrie, 0.8727272748947144
0, takes, 0.903030276298523
0, hissed, 0.9212120771408081
0, naps, 0.9212120771408081
0, acts, 0.903030276298523
0, hogs, 0.9212121963500977
0, mold, 0.9333333969116211
0, aiming, 0.8848484754562378
0, pines, 0.9393939971923828
0, opera, 0.8787878751754761
0, chirps, 0.8909090757369995
0, haunt, 0.9212121963500977
0, limes, 0.9212120771408081
0, bulk, 0.9454545974731445
0, rugs, 0.9212121963500977
0, racks, 0.903030276298523
0, leans, 0.9333332777023315
0, fifth, 0.8969696760177612
0, aside, 0.8909090757369995
0, backs, 0.9212120771408081
0, thirty, 0.903030276298523
0, ages, 0.8969696760177612
0, sheds, 0.9272727966308594
0, sleeve, 0.903030276298523
0, shark, 0.8909090757369995
0, tugged, 0.9333333969116211
0, tiles, 0.9393939971923828
0, chips, 0.903030276298523
0, peeps, 0.9151514768600464
0, years, 0.9090908765792847
0, ruled, 0.9151515960693359
0, below, 0.9090908765792847
0, stung, 0.9151514768600464
0, halls, 0.9272727966308594
0, neary, 0.8969696760177612
0, shamed, 0.903030276298523
0, crowd, 0.903030276298523
0, ghost, 0.9151514768600464
0, duller, 0.9272726774215698
0, moats, 0.9090908765792847
0, seems, 0.9272727966308594
0, whipped, 0.9090908765792847
0, amoss, 0.8909090757369995
0, bucked, 0.9272726774215698
0, shroud, 0.8969696760177612
0, butts, 0.9393938779830933
0, buggy, 0.9212120771408081
0, roars, 0.903030276298523
0, blower, 0.8909090757369995
0, fussed, 0.9272726774215698
0, alone, 0.8909090757369995
0, frown, 0.903030276298523
0, hurled, 0.9212121963500977
0, trap, 0.8969696760177612
0, blaze, 0.9212120771408081
0, whither, 0.8969696760177612
0, step, 0.8909090757369995
0, jets, 0.9090908765792847
0, tex, 0.9151514768600464
0, curly, 0.8969696760177612
0, hikes, 0.9090908765792847
0, ceased, 0.9272726774215698
0, pained, 0.9272726774215698
0, towing, 0.9090908765792847
0, scoop, 0.8909090757369995
0, cider, 0.9151514768600464
0, shank, 0.903030276298523
0, poached, 0.903030276298523
0, cars, 0.9333333969116211
0, alan, 0.9151514768600464
0, lucy, 0.9090908765792847
0, suffer, 0.8969696760177612
0, tagged, 0.9272727966308594
0, shalt, 0.9212120771408081
0, mind, 0.9454545974731445
0, canes, 0.9212121963500977
0, gump, 0.9212120771408081
0, jacked, 0.8969696760177612
0, eighties, 0.8727272748947144
0, quick, 0.8969696760177612
0, deeper, 0.903030276298523
0, gassed, 0.9212120771408081
0, fried, 0.903030276298523
0, chased, 0.8969696760177612
0, noisy, 0.903030276298523
0, queer, 0.8969696760177612
0, soothes, 0.9151514768600464
0, whirly, 0.903030276298523
0, barge, 0.9151514768600464
0, safer, 0.8787878751754761
0, hatter, 0.8969696760177612
0, saves, 0.9090908765792847
0, nuts, 0.9393939971923828
0, ranch, 0.8969696760177612
0, tikki, 0.903030276298523
0, cushy, 0.8909090757369995
0, plead, 0.9212120771408081
0, bates, 0.9212120771408081
0, urging, 0.8909090757369995
0, prove, 0.8848484754562378
0, raised, 0.903030276298523
0, honored, 0.8969696760177612
0, bonner, 0.9151514768600464
0, stop, 0.903030276298523
0, phased, 0.9212120771408081
0, plier, 0.8969696760177612
0, press, 0.8969696760177612
0, turns, 0.9393939971923828
0, bomber, 0.9151514768600464
0, cooked, 0.903030276298523
0, tires, 0.9151514768600464
0, stuck, 0.903030276298523
0, zoned, 0.9333332777023315
0, willow, 0.8969696760177612
0, looks, 0.9090908765792847
0, enjoy, 0.8666666746139526
0, rights, 0.903030276298523
0, vipper, 0.903030276298523
0, dust, 0.9515151977539062
0, bride, 0.9151514768600464
0, alike, 0.8848484754562378
0, wild, 0.9393939971923828
0, jades, 0.9151515960693359
0, heaped, 0.903030276298523
0, snurp, 0.8969696760177612
0, leaves, 0.9151514768600464
0, wisher, 0.8909090757369995
0, gran, 0.9151514768600464
0, wings, 0.9333333969116211
0, lowry, 0.8909090757369995
0, olive, 0.8909090757369995
0, zuma, 0.9090908765792847
0, woods, 0.9393939971923828
0, major, 0.8848484754562378
0, blurp, 0.903030276298523
0, beefy, 0.903030276298523
0, flame, 0.8848484754562378
0, float, 0.8909090757369995
0, bonk, 0.9393939971923828
0, jogged, 0.9151514768600464
0, dubbed, 0.9393939971923828
0, opal, 0.8969697952270508
0, learns, 0.9272726774215698
0, form, 0.8909090757369995
0, louis, 0.9090908765792847
0, emerge, 0.8848484754562378
0, rust, 0.9212120771408081
0, apple, 0.8909090757369995
0, tother, 0.9090908765792847
0, yertle, 0.9090908765792847
0, sulk, 0.9333333969116211
0, idea, 0.8848484754562378
0, shocked, 0.9090908765792847
0, stray, 0.8787878751754761
0, soggy, 0.9151514768600464
0, twin, 0.9272726774215698
0, nicer, 0.903030276298523
